kind	name	submod	frames_shared_xcf	frames_piratez_only	frames_vanilla_equal	note
set	ABOMINATION.PCK	hd_piratez	0	12	0	
set	ACAR_BD.PCK	hd_piratez	0	304	0	
set	ANIMATRON_MARAUDER.PCK	hd_piratez	0	75	0	
set	APO_0.PCK	hd_piratez	0	99	0	
set	APO_1.PCK	hd_piratez	0	275	0	
set	APO_2.PCK	hd_piratez	0	275	0	
set	ARMY_AIRBORNE.PCK	hd_piratez	0	275	0	
set	ARMY_BAMBOO.PCK	hd_piratez	0	267	0	
set	ARMY_BUSH.PCK	hd_piratez	0	283	0	
set	ARMY_CHEM.PCK	hd_piratez	0	283	0	
set	ARMY_DARK.PCK	hd_piratez	0	275	0	
set	ARMY_EMPIRE.PCK	hd_piratez	0	275	0	
set	ARMY_ES.PCK	hd_piratez	0	283	0	
set	ARMY_HUBB.PCK	hd_piratez	0	275	0	
set	ARMY_NORD.PCK	hd_piratez	0	275	0	
set	ARMY_REDCOAT.PCK	hd_piratez	0	275	0	
set	ARMY_REDREV.PCK	hd_piratez	0	267	0	
set	ARMY_RUS.PCK	hd_piratez	0	275	0	
set	ARMY_RUS_BOLSHOY.PCK	hd_piratez	0	283	0	
set	ARMY_STEEL.PCK	hd_piratez	0	275	0	
set	ATURRET_BIG.PCK	hd_piratez	0	32	0	
set	ATURRET_SMALL.PCK	hd_piratez	0	19	0	
set	AUR_01.PCK	hd_piratez	0	272	0	
set	AUR_02.PCK	hd_piratez	0	241	0	
set	AVT_1.PCK	hd_piratez	0	80	0	
set	AVT_2.PCK	hd_piratez	0	75	0	
set	BAN_0.PCK	hd_piratez	0	266	0	
set	BAN_1.PCK	hd_piratez	0	275	0	
set	BAN_10.PCK	hd_piratez	0	160	0	
set	BAN_11.PCK	hd_piratez	0	283	0	
set	BAN_12.PCK	hd_piratez	0	276	0	
set	BAN_13.PCK	hd_piratez	0	274	0	
set	BAN_14.PCK	hd_piratez	0	267	0	
set	BAN_15.PCK	hd_piratez	0	283	0	
set	BAN_16.PCK	hd_piratez	0	267	0	
set	BAN_17.PCK	hd_piratez	0	275	0	
set	BAN_18.PCK	hd_piratez	0	266	0	
set	BAN_19.PCK	hd_piratez	0	267	0	
set	BAN_2.PCK	hd_piratez	0	275	0	
set	BAN_3.PCK	hd_piratez	0	275	0	
set	BAN_4.PCK	hd_piratez	0	267	0	
set	BAN_5.PCK	hd_piratez	0	265	0	
set	BAN_6.PCK	hd_piratez	0	75	0	
set	BAN_7.PCK	hd_piratez	0	267	0	
set	BAN_8.PCK	hd_piratez	0	275	0	
set	BAN_9.PCK	hd_piratez	0	275	0	
set	BASEBITS.PCK	hd_piratez	0	0	0	no frame compared
set	BATGLAD.PCK	hd_piratez	0	275	0	
set	BEES.PCK	hd_piratez	0	11	0	
set	BFARM_DEF.PCK	hd_piratez	0	283	0	
set	BH_ARMORED.PCK	hd_piratez	0	75	0	
set	BIKE.PCK	hd_piratez	0	160	0	
set	BLACK_CAT.PCK	hd_piratez	0	75	0	
set	BLUE_JELLY.PCK	hd_piratez	0	11	0	
set	BOMBARD.PCK	hd_piratez	0	150	0	
set	BOSSBRAIN.PCK	hd_piratez	0	19	0	
set	BOXX.PCK	hd_piratez	0	11	0	
set	BSAILOR.PCK	hd_piratez	0	267	0	
set	BSM_9.PCK	hd_piratez	0	281	0	
set	BULLFROG.PCK	hd_shared?	138	0	0	
set	BUTCH.PCK	hd_piratez	0	259	0	
set	BUTCH2.PCK	hd_piratez	0	259	0	
set	CAMERA.PCK	hd_shared?	19	0	0	
set	CHORT.PCK	hd_piratez	0	267	0	
set	CHUPACABRA.PCK	hd_shared?	75	0	0	
set	CHUPACABRA_M.PCK	hd_piratez	0	75	0	
set	CLICKOR.PCK	hd_piratez	0	260	0	
set	COPTER.PCK	hd_piratez	0	40	0	
set	COS_0.PCK	hd_piratez	0	275	0	
set	COS_1.PCK	hd_piratez	0	267	0	
set	COS_10.PCK	hd_piratez	0	267	0	
set	COS_11.PCK	hd_piratez	0	283	0	
set	COS_2.PCK	hd_piratez	0	283	0	
set	COS_3.PCK	hd_piratez	0	75	0	
set	COS_4.PCK	hd_piratez	0	75	0	
set	COS_5.PCK	hd_piratez	0	75	0	
set	COS_6.PCK	hd_piratez	0	283	0	
set	COS_7.PCK	hd_piratez	0	99	0	
set	COS_8.PCK	hd_piratez	0	275	0	
set	COS_9.PCK	hd_piratez	0	275	0	
set	CURSOR.PCK	hd_core?	17	0	17	drawn from CURSOR.PCK frames (R-040): hd_core after the independence check
set	CYBERMITE.PCK	hd_shared?	90	0	0	
set	CYBERPOD_PLASMA.PCK	hd_piratez	0	160	0	
set	CYBODOGE.PCK	hd_piratez	0	75	0	
set	CYBORG.PCK	hd_piratez	0	259	0	
set	CYCLOPS.PCK	hd_piratez	0	259	0	
set	DANCER.PCK	hd_piratez	0	11	0	
set	DEEP_1.PCK	hd_piratez	0	275	0	
set	DEEP_2.PCK	hd_piratez	0	276	0	
set	DEEP_3.PCK	hd_piratez	0	267	0	
set	DEEP_6.PCK	hd_piratez	0	267	0	
set	DEEP_8.PCK	hd_piratez	0	302	0	
set	DEEP_9.PCK	hd_piratez	0	259	0	
set	DEM_0.PCK	hd_piratez	0	275	0	
set	DEM_1.PCK	hd_piratez	0	272	0	
set	DEM_10.PCK	hd_piratez	0	75	0	
set	DEM_2.PCK	hd_piratez	0	275	0	
set	DEM_3.PCK	hd_piratez	0	275	0	
set	DEM_4.PCK	hd_piratez	0	77	0	
set	DEM_5.PCK	hd_piratez	0	75	0	
set	DEM_6.PCK	hd_piratez	0	160	0	
set	DEM_7.PCK	hd_piratez	0	32	0	
set	DEM_8.PCK	hd_piratez	0	145	0	
set	DEM_9.PCK	hd_piratez	0	159	0	
set	DEVASTATOR.PCK	hd_piratez	0	288	0	
set	DOG_TACARMOR.PCK	hd_piratez	0	75	0	
set	DOGE.PCK	hd_piratez	0	75	0	
set	DOGG.PCK	hd_piratez	0	75	0	
set	DOOMYDUMMY.PCK	hd_piratez	0	276	0	
set	DREADKNIGHT.PCK	hd_piratez	0	283	0	
set	DRF_1.PCK	hd_piratez	0	275	0	
set	DRF_CIV.PCK	hd_piratez	0	275	0	
set	DRG_1.PCK	hd_piratez	0	257	0	
set	DRO_1.PCK	hd_piratez	0	75	0	
set	ETHEREAL_CHAIRMAN.PCK	hd_piratez	0	75	0	
set	EYE.PCK	hd_piratez	0	21	0	
set	FLASHBANG.PCK	hd_piratez	0	280	0	
set	GDX_01.PCK	hd_piratez	0	283	0	
set	GDX_02.PCK	hd_piratez	0	283	0	
set	GDX_03.PCK	hd_piratez	0	283	0	
set	GDX_04.PCK	hd_piratez	0	283	0	
set	GDX_L50.PCK	hd_piratez	0	283	0	
set	GHOST_GAL.PCK	hd_piratez	0	257	0	
set	GIANT_BEETLE.PCK	hd_piratez (mixed)	47	28	0	
set	GIANTRAT.PCK	hd_piratez	0	75	0	
set	GIANTSPIDER.PCK	hd_piratez	0	75	0	
set	GIANTSPIDER_QUEEN.PCK	hd_piratez	0	159	0	
set	GNOME_X2.PCK	hd_piratez	0	275	0	
set	GOV_1.PCK	hd_piratez	0	275	0	
set	GOV_10.PCK	hd_piratez	0	283	0	
set	GOV_11.PCK	hd_piratez	0	275	0	
set	GOV_2.PCK	hd_piratez	0	275	0	
set	GOV_3.PCK	hd_piratez	0	275	0	
set	GOV_4.PCK	hd_piratez	0	275	0	
set	GOV_5.PCK	hd_piratez	0	275	0	
set	GOV_6.PCK	hd_piratez	0	283	0	
set	GOV_7.PCK	hd_piratez	0	275	0	
set	GOV_8.PCK	hd_piratez	0	283	0	
set	GOV_9.PCK	hd_piratez	0	275	0	
set	HALLUCINOID.PCK	hd_shared?	32	0	0	
set	HANABU.PCK	hd_piratez	0	56	0	
set	HIT.PCK	hd_shared?	4	0	4	
set	HITLUR.PCK	hd_piratez	0	13	0	
set	HOE_1.PCK	hd_piratez	0	267	0	
set	HOLOGAL.PCK	hd_piratez	0	12	0	
set	HOVERBIKE.PCK	hd_piratez	0	160	0	
set	HUG.PCK	hd_piratez	0	275	0	
set	HUM_1.PCK	hd_piratez	0	275	0	
set	HUM_10.PCK	hd_piratez	0	267	0	
set	HUM_11.PCK	hd_piratez	0	283	0	
set	HUM_12.PCK	hd_piratez	0	276	0	
set	HUM_13.PCK	hd_piratez	0	275	0	
set	HUM_14.PCK	hd_piratez	0	267	0	
set	HUM_2.PCK	hd_piratez	0	275	0	
set	HUM_3.PCK	hd_piratez	0	275	0	
set	HUM_4.PCK	hd_piratez	0	275	0	
set	HUM_5.PCK	hd_piratez	0	75	0	
set	HUM_6.PCK	hd_piratez	0	275	0	
set	HUM_7.PCK	hd_piratez	0	275	0	
set	HUM_9.PCK	hd_piratez	0	267	0	
set	HYBB_00.PCK	hd_piratez	0	283	0	
set	HYBB_01.PCK	hd_piratez	0	283	0	
set	HYENA_RIDER.PCK	hd_piratez	0	160	0	
set	JIM.PCK	hd_piratez	0	80	0	
set	JUNGLEGAL.PCK	hd_piratez	0	283	0	
set	KILLBOT.PCK	hd_piratez	0	284	0	
set	KRAB.PCK	hd_piratez	0	75	0	
set	LIGHTER.PCK	hd_piratez	0	283	0	
set	LOK_1.PCK	hd_piratez	0	267	0	
set	LOK_2.PCK	hd_piratez	0	267	0	
set	MAGGOT.PCK	hd_piratez	0	75	0	
set	MANHACK.PCK	hd_piratez	0	75	0	
set	MAR_0.PCK	hd_piratez	0	283	0	
set	MAR_1.PCK	hd_piratez	0	288	0	
set	MAR_8.PCK	hd_piratez	0	20	0	
set	MAR_9.PCK	hd_piratez	0	20	0	
set	MASTERMIND.PCK	hd_piratez	0	160	0	
set	MEGASCORPION.PCK	hd_shared?	76	0	0	
set	MEGAZOMBIE.PCK	hd_shared?	152	0	0	
set	MG.PCK	hd_piratez	0	75	0	
set	MONGORN.PCK	hd_shared?	75	0	0	
set	MPO_0.PCK	hd_piratez	0	275	0	
set	MPO_1.PCK	hd_piratez	0	283	0	
set	MPO_2.PCK	hd_piratez	0	275	0	
set	MPO_3.PCK	hd_piratez	0	283	0	
set	MRC_0.PCK	hd_piratez	0	283	0	
set	MRC_1.PCK	hd_piratez	0	283	0	
set	MRC_3.PCK	hd_piratez	0	280	0	
set	MRC_4.PCK	hd_piratez	0	267	0	
set	MRC_5.PCK	hd_piratez	0	267	0	
set	MRC_6.PCK	hd_piratez	0	283	0	
set	MRC_7.PCK	hd_piratez	0	283	0	
set	MSDF_TANK.PCK	hd_piratez	0	160	0	
set	MTN_1.PCK	hd_piratez	0	267	0	
set	MTN_2.PCK	hd_piratez	0	267	0	
set	MUT_1.PCK	hd_piratez	0	275	0	
set	MUT_2.PCK	hd_piratez	0	249	0	
set	MUT_3.PCK	hd_piratez	0	275	0	
set	MUT_4.PCK	hd_piratez	0	131	0	
set	MUT_5.PCK	hd_piratez	0	267	0	
set	MUT_6.PCK	hd_piratez	0	275	0	
set	MUT_7.PCK	hd_piratez	0	283	0	
set	NAR_0.PCK	hd_piratez	0	266	0	
set	NAR_1.PCK	hd_piratez	0	267	0	
set	NAZ_1.PCK	hd_piratez	0	275	0	
set	NAZ_10.PCK	hd_piratez	0	288	0	
set	NAZ_2.PCK	hd_piratez	0	275	0	
set	NAZ_4.PCK	hd_piratez	0	275	0	
set	NAZ_5.PCK	hd_piratez	0	267	0	
set	NAZ_6.PCK	hd_piratez	0	267	0	
set	NAZ_7.PCK	hd_piratez	0	267	0	
set	NAZ_8.PCK	hd_piratez	0	288	0	
set	NAZ_9.PCK	hd_piratez	0	283	0	
set	NECR.PCK	hd_piratez	0	280	0	
set	NEKO_HOVER_ARMOR.PCK	hd_piratez	0	270	0	
set	NIN_1.PCK	hd_piratez	0	283	0	
set	NIN_2.PCK	hd_piratez	0	283	0	
set	NIN_3.PCK	hd_piratez	0	283	0	
set	NIN_4.PCK	hd_piratez	0	283	0	
set	NIN_5.PCK	hd_piratez	0	283	0	
set	NUB_7.PCK	hd_piratez	0	99	0	
set	OOZE.PCK	hd_shared?	9	0	0	
set	PARROT.PCK	hd_piratez	0	75	0	
set	Pathfinding	hd_shared?	24	0	24	
set	PE.PCK	hd_piratez	0	75	0	
set	PILLBOX.PCK	hd_piratez	0	32	0	
set	PIR_0.PCK	hd_piratez	0	283	0	
set	PIR_1.PCK	hd_piratez	0	283	0	
set	PIR_101.PCK	hd_piratez	0	283	0	
set	PIR_102.PCK	hd_piratez	0	283	0	
set	PIR_104.PCK	hd_piratez	0	275	0	
set	PIR_105.PCK	hd_piratez	0	283	0	
set	PIR_106.PCK	hd_piratez	0	283	0	
set	PIR_108.PCK	hd_piratez	0	283	0	
set	PIR_109.PCK	hd_piratez	0	275	0	
set	PIR_11.PCK	hd_piratez	0	275	0	
set	PIR_111.PCK	hd_piratez	0	283	0	
set	PIR_1111.PCK	hd_piratez	0	257	0	
set	PIR_112.PCK	hd_piratez	0	76	0	
set	PIR_113.PCK	hd_piratez	0	283	0	
set	PIR_114.PCK	hd_piratez	0	283	0	
set	PIR_115.PCK	hd_piratez	0	283	0	
set	PIR_119.PCK	hd_piratez	0	283	0	
set	PIR_12.PCK	hd_piratez	0	275	0	
set	PIR_120.PCK	hd_piratez	0	275	0	
set	PIR_13.PCK	hd_piratez	0	283	0	
set	PIR_133.PCK	hd_piratez	0	283	0	
set	PIR_135.PCK	hd_piratez	0	267	0	
set	PIR_139.PCK	hd_piratez	0	283	0	
set	PIR_14.PCK	hd_piratez	0	283	0	
set	PIR_141.PCK	hd_piratez	0	283	0	
set	PIR_15.PCK	hd_piratez	0	283	0	
set	PIR_150.PCK	hd_piratez	0	283	0	
set	PIR_151.PCK	hd_piratez	0	283	0	
set	PIR_156.PCK	hd_piratez	0	283	0	
set	PIR_16.PCK	hd_piratez	0	275	0	
set	PIR_160.PCK	hd_piratez	0	275	0	
set	PIR_161.PCK	hd_piratez	0	283	0	
set	PIR_162.PCK	hd_piratez	0	283	0	
set	PIR_163.PCK	hd_piratez	0	283	0	
set	PIR_169.PCK	hd_piratez	0	283	0	
set	PIR_17.PCK	hd_piratez	0	283	0	
set	PIR_18.PCK	hd_piratez	0	283	0	
set	PIR_180.PCK	hd_piratez	0	283	0	
set	PIR_185.PCK	hd_piratez	0	275	0	
set	PIR_186.PCK	hd_piratez	0	286	0	
set	PIR_19.PCK	hd_piratez	0	283	0	
set	PIR_199.PCK	hd_piratez	0	283	0	
set	PIR_2.PCK	hd_piratez	0	283	0	
set	PIR_200.PCK	hd_piratez	0	283	0	
set	PIR_208.PCK	hd_piratez	0	283	0	
set	PIR_22.PCK	hd_piratez	0	283	0	
set	PIR_24.PCK	hd_piratez	0	283	0	
set	PIR_240.PCK	hd_piratez	0	283	0	
set	PIR_25.PCK	hd_piratez	0	283	0	
set	PIR_250.PCK	hd_piratez	0	283	0	
set	PIR_26.PCK	hd_piratez	0	283	0	
set	PIR_260.PCK	hd_piratez	0	283	0	
set	PIR_27.PCK	hd_piratez	0	283	0	
set	PIR_28.PCK	hd_piratez	0	283	0	
set	PIR_280.PCK	hd_piratez	0	283	0	
set	PIR_281.PCK	hd_piratez	0	283	0	
set	PIR_29.PCK	hd_piratez	0	283	0	
set	PIR_3.PCK	hd_piratez	0	283	0	
set	PIR_30.PCK	hd_piratez	0	283	0	
set	PIR_301.PCK	hd_piratez	0	283	0	
set	PIR_303.PCK	hd_piratez	0	283	0	
set	PIR_31.PCK	hd_piratez	0	275	0	
set	PIR_313.PCK	hd_piratez	0	283	0	
set	PIR_32.PCK	hd_piratez	0	283	0	
set	PIR_33.PCK	hd_piratez	0	283	0	
set	PIR_34.PCK	hd_piratez	0	283	0	
set	PIR_35.PCK	hd_piratez	0	283	0	
set	PIR_36.PCK	hd_piratez	0	275	0	
set	PIR_360.PCK	hd_piratez	0	75	0	
set	PIR_37.PCK	hd_piratez	0	275	0	
set	PIR_371.PCK	hd_piratez	0	283	0	
set	PIR_373.PCK	hd_piratez	0	283	0	
set	PIR_378.PCK	hd_piratez	0	283	0	
set	PIR_379.PCK	hd_piratez	0	283	0	
set	PIR_38.PCK	hd_piratez	0	275	0	
set	PIR_39.PCK	hd_piratez	0	275	0	
set	PIR_390.PCK	hd_piratez	0	283	0	
set	PIR_391.PCK	hd_piratez	0	283	0	
set	PIR_4.PCK	hd_piratez	0	283	0	
set	PIR_40.PCK	hd_piratez	0	283	0	
set	PIR_400.PCK	hd_piratez	0	283	0	
set	PIR_41.PCK	hd_piratez	0	283	0	
set	PIR_410.PCK	hd_piratez	0	283	0	
set	PIR_411.PCK	hd_piratez	0	283	0	
set	PIR_42.PCK	hd_piratez	0	283	0	
set	PIR_43.PCK	hd_piratez	0	283	0	
set	PIR_44.PCK	hd_piratez	0	283	0	
set	PIR_444.PCK	hd_piratez	0	283	0	
set	PIR_45.PCK	hd_piratez	0	283	0	
set	PIR_450.PCK	hd_piratez	0	283	0	
set	PIR_451.PCK	hd_piratez	0	283	0	
set	PIR_452.PCK	hd_piratez	0	283	0	
set	PIR_454.PCK	hd_piratez	0	283	0	
set	PIR_455.PCK	hd_piratez	0	283	0	
set	PIR_46.PCK	hd_piratez	0	283	0	
set	PIR_460.PCK	hd_piratez	0	283	0	
set	PIR_47.PCK	hd_piratez	0	283	0	
set	PIR_470.PCK	hd_piratez	0	283	0	
set	PIR_48.PCK	hd_piratez	0	275	0	
set	PIR_480.PCK	hd_piratez	0	283	0	
set	PIR_481.PCK	hd_piratez	0	275	0	
set	PIR_482.PCK	hd_piratez	0	283	0	
set	PIR_484.PCK	hd_piratez	0	275	0	
set	PIR_489.PCK	hd_piratez	0	283	0	
set	PIR_49.PCK	hd_piratez	0	275	0	
set	PIR_490.PCK	hd_piratez	0	275	0	
set	PIR_493.PCK	hd_piratez	0	283	0	
set	PIR_494.PCK	hd_piratez	0	275	0	
set	PIR_5.PCK	hd_piratez	0	283	0	
set	PIR_500.PCK	hd_piratez	0	283	0	
set	PIR_501.PCK	hd_piratez	0	283	0	
set	PIR_503.PCK	hd_piratez	0	283	0	
set	PIR_505.PCK	hd_piratez	0	275	0	
set	PIR_506.PCK	hd_piratez	0	275	0	
set	PIR_507.PCK	hd_piratez	0	283	0	
set	PIR_509.PCK	hd_piratez	0	283	0	
set	PIR_510.PCK	hd_piratez	0	275	0	
set	PIR_511.PCK	hd_piratez	0	275	0	
set	PIR_514.PCK	hd_piratez	0	283	0	
set	PIR_515.PCK	hd_piratez	0	275	0	
set	PIR_516.PCK	hd_piratez	0	283	0	
set	PIR_518.PCK	hd_piratez	0	275	0	
set	PIR_519.PCK	hd_piratez	0	267	0	
set	PIR_520.PCK	hd_piratez	0	283	0	
set	PIR_522.PCK	hd_piratez	0	283	0	
set	PIR_523.PCK	hd_piratez	0	283	0	
set	PIR_524.PCK	hd_piratez	0	275	0	
set	PIR_525.PCK	hd_piratez	0	283	0	
set	PIR_526.PCK	hd_piratez	0	283	0	
set	PIR_527.PCK	hd_piratez	0	283	0	
set	PIR_528.PCK	hd_piratez	0	275	0	
set	PIR_529.PCK	hd_piratez	0	283	0	
set	PIR_530.PCK	hd_piratez	0	75	0	
set	PIR_532.PCK	hd_piratez	0	283	0	
set	PIR_533.PCK	hd_piratez	0	283	0	
set	PIR_534.PCK	hd_piratez	0	283	0	
set	PIR_537.PCK	hd_piratez	0	283	0	
set	PIR_540.PCK	hd_piratez	0	283	0	
set	PIR_541.PCK	hd_piratez	0	283	0	
set	PIR_542.PCK	hd_piratez	0	283	0	
set	PIR_543.PCK	hd_piratez	0	283	0	
set	PIR_545.PCK	hd_piratez	0	283	0	
set	PIR_547.PCK	hd_piratez	0	288	0	
set	PIR_548.PCK	hd_piratez	0	283	0	
set	PIR_551.PCK	hd_piratez	0	282	0	
set	PIR_554.PCK	hd_piratez	0	283	0	
set	PIR_555.PCK	hd_piratez	0	275	0	
set	PIR_556.PCK	hd_piratez	0	281	0	
set	PIR_559.PCK	hd_piratez	0	283	0	
set	PIR_560.PCK	hd_piratez	0	281	0	
set	PIR_561.PCK	hd_piratez	0	275	0	
set	PIR_562.PCK	hd_piratez	0	283	0	
set	PIR_563.PCK	hd_piratez	0	281	0	
set	PIR_564.PCK	hd_piratez	0	283	0	
set	PIR_565.PCK	hd_piratez	0	280	0	
set	PIR_566.PCK	hd_piratez	0	265	0	
set	PIR_570.PCK	hd_piratez	0	275	0	
set	PIR_571.PCK	hd_piratez	0	283	0	
set	PIR_572.PCK	hd_piratez	0	283	0	
set	PIR_573.PCK	hd_piratez	0	275	0	
set	PIR_575.PCK	hd_piratez	0	275	0	
set	PIR_578.PCK	hd_piratez	0	283	0	
set	PIR_579.PCK	hd_piratez	0	283	0	
set	PIR_580.PCK	hd_piratez	0	283	0	
set	PIR_581.PCK	hd_piratez	0	275	0	
set	PIR_583.PCK	hd_piratez	0	281	0	
set	PIR_591.PCK	hd_piratez	0	283	0	
set	PIR_595.PCK	hd_piratez	0	283	0	
set	PIR_6.PCK	hd_piratez	0	283	0	
set	PIR_601.PCK	hd_piratez	0	283	0	
set	PIR_602.PCK	hd_piratez	0	283	0	
set	PIR_605.PCK	hd_piratez	0	275	0	
set	PIR_607.PCK	hd_piratez	0	283	0	
set	PIR_609.PCK	hd_piratez	0	275	0	
set	PIR_611.PCK	hd_piratez	0	275	0	
set	PIR_615.PCK	hd_piratez	0	275	0	
set	PIR_616.PCK	hd_piratez	0	283	0	
set	PIR_620.PCK	hd_piratez	0	284	0	
set	PIR_621.PCK	hd_piratez	0	275	0	
set	PIR_627.PCK	hd_piratez	0	283	0	
set	PIR_635.PCK	hd_piratez	0	275	0	
set	PIR_637.PCK	hd_piratez	0	283	0	
set	PIR_662.PCK	hd_piratez	0	283	0	
set	PIR_663.PCK	hd_piratez	0	283	0	
set	PIR_664.PCK	hd_piratez	0	283	0	
set	PIR_665.PCK	hd_piratez	0	283	0	
set	PIR_666.PCK	hd_piratez	0	283	0	
set	PIR_667.PCK	hd_piratez	0	283	0	
set	PIR_668.PCK	hd_piratez	0	283	0	
set	PIR_669.PCK	hd_piratez	0	283	0	
set	PIR_670.PCK	hd_piratez	0	283	0	
set	PIR_672.PCK	hd_piratez	0	283	0	
set	PIR_673.PCK	hd_piratez	0	283	0	
set	PIR_674.PCK	hd_piratez	0	283	0	
set	PIR_675.PCK	hd_piratez	0	283	0	
set	PIR_676.PCK	hd_piratez	0	283	0	
set	PIR_677.PCK	hd_piratez	0	283	0	
set	PIR_682.PCK	hd_piratez	0	283	0	
set	PIR_7.PCK	hd_piratez	0	283	0	
set	PIR_701.PCK	hd_piratez	0	131	0	
set	PIR_702.PCK	hd_piratez	0	131	0	
set	PIR_705.PCK	hd_piratez	0	131	0	
set	PIR_710.PCK	hd_piratez	0	131	0	
set	PIR_715.PCK	hd_piratez	0	131	0	
set	PIR_718.PCK	hd_piratez	0	131	0	
set	PIR_722.PCK	hd_piratez	0	131	0	
set	PIR_725.PCK	hd_piratez	0	131	0	
set	PIR_727.PCK	hd_piratez	0	131	0	
set	PIR_741.PCK	hd_piratez	0	131	0	
set	PIR_8.PCK	hd_piratez	0	283	0	
set	PIR_801.PCK	hd_piratez	0	257	0	
set	PIR_802.PCK	hd_piratez	0	257	0	
set	PIR_806.PCK	hd_piratez	0	257	0	
set	PIR_807.PCK	hd_piratez	0	257	0	
set	PIR_808.PCK	hd_piratez	0	199	0	
set	PIR_810.PCK	hd_piratez	0	257	0	
set	PIR_811.PCK	hd_piratez	0	283	0	
set	PIR_812.PCK	hd_piratez	0	257	0	
set	PIR_813.PCK	hd_piratez	0	257	0	
set	PIR_814.PCK	hd_piratez	0	257	0	
set	PIR_815.PCK	hd_piratez	0	257	0	
set	PIR_816.PCK	hd_piratez	0	257	0	
set	PIR_820.PCK	hd_piratez	0	257	0	
set	PIR_821.PCK	hd_piratez	0	257	0	
set	PIR_822.PCK	hd_piratez	0	257	0	
set	PIR_823.PCK	hd_piratez	0	257	0	
set	PIR_830.PCK	hd_piratez	0	257	0	
set	PIR_832.PCK	hd_piratez	0	213	0	
set	PIR_833.PCK	hd_piratez	0	257	0	
set	PIR_851.PCK	hd_piratez	0	283	0	
set	PIR_852.PCK	hd_piratez	0	283	0	
set	PIR_855.PCK	hd_piratez	0	275	0	
set	PIR_858.PCK	hd_piratez	0	283	0	
set	PIR_859.PCK	hd_piratez	0	283	0	
set	PIR_860.PCK	hd_piratez	0	275	0	
set	PIR_862.PCK	hd_piratez	0	280	0	
set	PIR_865.PCK	hd_piratez	0	283	0	
set	PIR_866.PCK	hd_piratez	0	283	0	
set	PIR_870.PCK	hd_piratez	0	283	0	
set	PIR_9.PCK	hd_piratez	0	283	0	
set	PIR_901.PCK	hd_piratez	0	257	0	
set	PIR_902.PCK	hd_piratez	0	257	0	
set	PIR_903.PCK	hd_piratez	0	257	0	
set	PIR_904.PCK	hd_piratez	0	257	0	
set	PIR_908.PCK	hd_piratez	0	257	0	
set	PIR_910.PCK	hd_piratez	0	257	0	
set	PIR_911.PCK	hd_piratez	0	257	0	
set	PIR_919.PCK	hd_piratez	0	257	0	
set	PIR_920.PCK	hd_piratez	0	257	0	
set	PIR_921.PCK	hd_piratez	0	257	0	
set	PIR_922.PCK	hd_piratez	0	257	0	
set	PIR_923.PCK	hd_piratez	0	257	0	
set	PIR_924.PCK	hd_piratez	0	257	0	
set	PIR_944.PCK	hd_piratez	0	283	0	
set	PIR_960.PCK	hd_piratez	0	257	0	
set	PIR_991.PCK	hd_piratez	0	257	0	
set	PIR_TANK.PCK	hd_piratez	0	160	0	
set	PIR_TANK_L.PCK	hd_piratez	0	160	0	
set	PYRAMID.PCK	hd_piratez	0	32	0	
set	QUAD.PCK	hd_piratez	0	31	0	
set	QUAD_BLACK.PCK	hd_piratez	0	31	0	
set	RAYNERD.PCK	hd_piratez	0	267	0	
set	RCF.PCK	hd_piratez	0	275	0	
set	RDR_1.PCK	hd_piratez	0	283	0	
set	RDR_10.PCK	hd_piratez	0	283	0	
set	RDR_11.PCK	hd_piratez	0	283	0	
set	RDR_2.PCK	hd_piratez	0	275	0	
set	RDR_3.PCK	hd_piratez	0	283	0	
set	RDR_4.PCK	hd_piratez	0	275	0	
set	RDR_5.PCK	hd_piratez	0	275	0	
set	RDR_6.PCK	hd_piratez	0	267	0	
set	RDR_7.PCK	hd_piratez	0	283	0	
set	RDR_8.PCK	hd_piratez	0	283	0	
set	RDR_9.PCK	hd_piratez	0	283	0	
set	REB_1.PCK	hd_piratez	0	275	0	
set	REB_2.PCK	hd_piratez	0	275	0	
set	REB_3.PCK	hd_piratez	0	275	0	
set	REB_4.PCK	hd_piratez	0	131	0	
set	REB_5.PCK	hd_piratez	0	267	0	
set	RECONDRONE.PCK	hd_piratez	0	20	0	
set	RED_MAGE_RITUAL.PCK	hd_piratez	0	11	0	
set	RET_0.PCK	hd_piratez	0	267	0	
set	RET_1.PCK	hd_piratez	0	267	0	
set	RET_11.PCK	hd_piratez	0	267	0	
set	RET_2.PCK	hd_piratez	0	281	0	
set	RET_3.PCK	hd_piratez	0	267	0	
set	RET_4.PCK	hd_piratez	0	267	0	
set	RET_6.PCK	hd_piratez	0	267	0	
set	RET_7.PCK	hd_piratez	0	267	0	
set	RET_8.PCK	hd_piratez	0	267	0	
set	ROBOMAID.PCK	hd_piratez	0	283	0	
set	ROBOPARROT.PCK	hd_piratez	0	75	0	
set	RSSTANKS.PCK	hd_piratez	0	144	0	
set	RYBA.PCK	hd_piratez	0	75	0	
set	SACRIFICE1.PCK	hd_piratez	0	11	0	
set	SCI_0.PCK	hd_piratez	0	275	0	
set	SCI_1.PCK	hd_piratez	0	267	0	
set	SCI_10.PCK	hd_piratez	0	267	0	
set	SCI_11.PCK	hd_piratez	0	283	0	
set	SCI_12.PCK	hd_piratez	0	283	0	
set	SCI_13.PCK	hd_piratez	0	283	0	
set	SCI_14.PCK	hd_piratez	0	275	0	
set	SCI_2.PCK	hd_piratez	0	275	0	
set	SCI_3.PCK	hd_piratez	0	275	0	
set	SCI_4.PCK	hd_piratez	0	275	0	
set	SCI_5.PCK	hd_piratez	0	283	0	
set	SCI_7.PCK	hd_piratez	0	275	0	
set	SCI_8.PCK	hd_piratez	0	75	0	
set	SCI_9.PCK	hd_piratez	0	267	0	
set	SERF.PCK	hd_piratez	0	275	0	
set	SG_U.PCK	hd_piratez	0	75	0	
set	SHAMBLER.PCK	hd_piratez (mixed)	119	41	0	
set	SHD_ETHEREAL.PCK	hd_piratez	0	75	0	
set	SHD_MUTON.PCK	hd_piratez	0	267	0	
set	SHD_SECTOID.PCK	hd_piratez	0	267	0	
set	SHUTTLE_ATURRET.PCK	hd_piratez	0	32	0	
set	SKELETON.PCK	hd_shared?	267	0	0	
set	SKELETON_CIV.PCK	hd_piratez	0	267	0	
set	SKELETON_SWAT.PCK	hd_piratez	0	267	0	
set	SLAVE_GOPHER.PCK	hd_piratez	0	283	0	
set	SLAVE_M.PCK	hd_piratez	0	283	0	
set	SLAVE_MAID.PCK	hd_piratez	0	257	0	
set	SLAVE_SKILLED.PCK	hd_piratez	0	275	0	
set	SLAVE_TASKMASTER.PCK	hd_piratez	0	283	0	
set	SLIMEDOGE.PCK	hd_piratez	0	75	0	
set	SMOKE.PCK	hd_piratez (mixed)	19	31	19	
set	SMU_1.PCK	hd_piratez	0	275	0	
set	SMU_2.PCK	hd_piratez	0	255	0	
set	SMU_3.PCK	hd_piratez	0	259	0	
set	SMU_4.PCK	hd_piratez	0	275	0	
set	SMU_5.PCK	hd_piratez	0	283	0	
set	SNK_3.PCK	hd_piratez	0	131	0	
set	SOL_0.PCK	hd_piratez	0	275	0	
set	SOL_1.PCK	hd_piratez	0	275	0	
set	SOL_2.PCK	hd_piratez	0	138	0	
set	SOL_3.PCK	hd_piratez	0	283	0	
set	SPIDERGIRL.PCK	hd_piratez	0	283	0	
set	SPT_0.PCK	hd_piratez	0	275	0	
set	SPT_1.PCK	hd_piratez	0	275	0	
set	SPT_2.PCK	hd_piratez	0	275	0	
set	SPT_3.PCK	hd_piratez	0	275	0	
set	STYGIAN_GARGOYLE.PCK	hd_piratez	0	11	0	
set	STYGIAN_GUARD.PCK	hd_piratez	0	283	0	
set	STYGIAN_SERF.PCK	hd_piratez	0	283	0	
set	SUCCUBUS.PCK	hd_piratez	0	283	0	
set	SUPER.PCK	hd_piratez	0	283	0	
set	SURVIVOR.PCK	hd_piratez	0	267	0	
set	TEC_0.PCK	hd_piratez	0	271	0	
set	TEC_0A.PCK	hd_piratez	0	282	0	
set	TEC_1.PCK	hd_piratez	0	75	0	
set	TEC_TURRET.PCK	hd_piratez	0	128	0	
set	TENTACLEHIVE.PCK	hd_piratez	0	32	0	
set	TIGER_TURRET.PCK	hd_piratez	0	32	0	
set	TIGER_TURRET_PIR.PCK	hd_piratez	0	32	0	
set	TOMB_GUARD.PCK	hd_piratez (mixed)	114	169	0	
set	TRD_10.PCK	hd_piratez	0	275	0	
set	TRD_11.PCK	hd_piratez	0	283	0	
set	TRD_12.PCK	hd_piratez	0	275	0	
set	TRD_13.PCK	hd_piratez	0	267	0	
set	TRD_14.PCK	hd_piratez	0	267	0	
set	TRD_15.PCK	hd_piratez	0	275	0	
set	TRD_3.PCK	hd_piratez	0	275	0	
set	TRD_4.PCK	hd_piratez	0	275	0	
set	TRD_5.PCK	hd_piratez	0	283	0	
set	TRD_6.PCK	hd_piratez	0	160	0	
set	TRD_8.PCK	hd_piratez	0	283	0	
set	TRD_9.PCK	hd_piratez	0	275	0	
set	TREE_OF_LIFF.PCK	hd_piratez	0	11	0	
set	TRUCK_TURRET.PCK	hd_piratez	0	25	0	
set	TRUCK_TURRET_RED.PCK	hd_piratez	0	25	0	
set	TURRET_ALLOY.PCK	hd_piratez	0	19	0	
set	TURRET_MINIGUN.PCK	hd_piratez	0	19	0	
set	UAC_SECURITY_DRONE.PCK	hd_piratez	0	77	0	
set	UBR_BLT.PCK	hd_piratez	0	283	0	
set	UBR_CBY.PCK	hd_piratez	0	275	0	
set	VAMP.PCK	hd_piratez	0	283	0	
set	VAMPIRE_BAT.PCK	hd_piratez	0	75	0	
set	VAMPIRE_KNIGHT.PCK	hd_shared?	283	0	0	
set	VAU_1.PCK	hd_piratez	0	241	0	
set	VAU_2.PCK	hd_piratez	0	267	0	
set	VERDUN.PCK	hd_piratez	0	13	0	
set	WASPITE.PCK	hd_piratez (mixed)	48	51	0	
set	WHITE_RABBIT.PCK	hd_piratez	0	75	0	
set	WIZ_A30A.PCK	hd_piratez	0	283	0	
set	WIZ_A30D.PCK	hd_piratez	0	267	0	
set	WIZ_A30I.PCK	hd_piratez	0	283	0	
set	WIZ_A30S.PCK	hd_piratez	0	283	0	
set	WIZ_A30U.PCK	hd_piratez	0	283	0	
set	WOLVERIN_EMP.PCK	hd_piratez	0	161	0	
set	WOLVERIN_HMG.PCK	hd_piratez	0	161	0	
set	WOLVERIN_LAUNCHER.PCK	hd_piratez	0	161	0	
set	WOLVERIN_MINIGUN.PCK	hd_piratez	0	161	0	
set	WOLVERIN_SHOOTY.PCK	hd_piratez	0	161	0	
set	WORKER_HAZMAT.PCK	hd_piratez	0	275	0	
set	WRAITH.PCK	hd_piratez	0	267	0	
set	WRAITH_ELITE.PCK	hd_piratez	0	267	0	
set	WRAITH_GUARD.PCK	hd_piratez	0	267	0	
set	X1.PCK	hd_piratez	0	8	0	
set	X_ROB_2.PCK	hd_piratez	0	160	0	
set	XARQUID.PCK	hd_shared?	128	0	0	
set	XCARS11.PCK	hd_piratez	0	256	0	
set	XCARS_NAZ.PCK	hd_piratez	0	159	0	
set	XCYBS.PCK	hd_piratez	0	136	0	
set	XENFORCER.PCK	hd_piratez	0	288	0	
set	XENFORCER_Z.PCK	hd_piratez	0	283	0	
set	XENO_2.PCK	hd_piratez	0	275	0	
set	XHOVERTANK.PCK	hd_piratez	0	144	0	
set	XNEKO_008.PCK	hd_piratez	0	263	0	
set	XNEKO_009.PCK	hd_piratez	0	255	0	
set	XNEKO_010.PCK	hd_piratez	0	255	0	
set	XNEKO_012.PCK	hd_piratez	0	255	0	
set	XNEKO_015.PCK	hd_piratez	0	256	0	
set	XNEKO_016.PCK	hd_piratez	0	256	0	
set	XNEKO_020.PCK	hd_piratez	0	255	0	
set	XNEKO_025.PCK	hd_piratez	0	255	0	
set	XNEKO_030.PCK	hd_piratez	0	256	0	
set	XNEKO_040.PCK	hd_piratez	0	256	0	
set	XNEKO_041.PCK	hd_piratez	0	255	0	
set	XNEKO_050.PCK	hd_piratez	0	255	0	
set	XNEKO_060.PCK	hd_piratez	0	255	0	
set	XNEKO_061.PCK	hd_piratez	0	263	0	
set	XNEKO_062.PCK	hd_piratez	0	263	0	
set	XNEKO_063.PCK	hd_piratez	0	263	0	
set	XNEKO_064.PCK	hd_piratez	0	263	0	
set	XNEKO_065.PCK	hd_piratez	0	263	0	
set	XNEKO_066.PCK	hd_piratez	0	263	0	
set	XNEKO_067.PCK	hd_piratez	0	263	0	
set	XNEKO_070.PCK	hd_piratez	0	255	0	
set	XNEKO_075.PCK	hd_piratez	0	256	0	
set	XNEKO_077.PCK	hd_piratez	0	264	0	
set	XNEKO_080.PCK	hd_piratez	0	256	0	
set	XNEKO_081.PCK	hd_piratez	0	256	0	
set	XNEKO_090.PCK	hd_piratez	0	263	0	
set	XNEKO_091.PCK	hd_piratez	0	263	0	
set	XNEKO_095.PCK	hd_piratez	0	263	0	
set	XNEKO_096.PCK	hd_piratez	0	257	0	
set	XNEKO_100.PCK	hd_piratez	0	263	0	
set	XNEKO_105.PCK	hd_piratez	0	263	0	
set	XNEKO_120.PCK	hd_piratez	0	255	0	
set	XNEKO_130.PCK	hd_piratez	0	264	0	
set	XNEKO_210.PCK	hd_piratez	0	263	0	
set	XNEKO_211.PCK	hd_piratez	0	263	0	
set	XNEKO_212.PCK	hd_piratez	0	263	0	
set	XNEKO_230.PCK	hd_piratez	0	266	0	
set	XNEKO_235.PCK	hd_piratez	0	266	0	
set	XNEKO_249.PCK	hd_piratez	0	257	0	
set	XNEKO_250.PCK	hd_piratez	0	257	0	
set	XNEKO_252.PCK	hd_piratez	0	257	0	
set	XNEKO_259.PCK	hd_piratez	0	254	0	
set	XNEKO_261.PCK	hd_piratez	0	254	0	
set	XNEKO_301.PCK	hd_piratez	0	263	0	
set	XNEKO_BIKE1.PCK	hd_piratez	0	160	0	
set	XSECT0.PCK	hd_piratez	0	160	0	
set	XSECT1.PCK	hd_piratez	0	160	0	
set	XSECT2.PCK	hd_piratez	0	160	0	
set	XSECT3.PCK	hd_piratez	0	160	0	
set	XSECT4.PCK	hd_piratez	0	160	0	
set	XSECT5.PCK	hd_piratez	0	160	0	
set	XSECT6.PCK	hd_piratez	0	160	0	
set	XSECT7.PCK	hd_piratez	0	160	0	
set	XSECT9.PCK	hd_piratez	0	160	0	
set	XTANKS.PCK	hd_piratez	0	160	0	
set	XTANKS_BLACK.PCK	hd_piratez	0	160	0	
set	XTR_1.PCK	hd_piratez	0	160	0	
set	XTR_3.PCK	hd_piratez	0	160	0	
set	XTR_5.PCK	hd_piratez	0	150	0	
set	XTR_6.PCK	hd_piratez	0	32	0	
set	XTURRET.PCK	hd_piratez	0	154	0	
set	ZBOSS.PCK	hd_piratez	0	283	0	
set	ZDOOMGUY.PCK	hd_piratez	0	275	0	
set	ZOMBIE_BUSTER.PCK	hd_piratez	0	283	0	
set	ZOMBIE_CARRIE.PCK	hd_piratez	0	257	0	
set	ZOMBIE_GRUBAS.PCK	hd_shared?	283	0	0	
set	ZOMBIE_PIMP.PCK	hd_piratez	0	75	0	
set	ZOMBIE_SADAKO.PCK	hd_piratez	0	283	0	
set	ZOMBIE_STERILE.PCK	hd_shared?	75	0	0	
set	ZOMBIE_TROOPER_1.PCK	hd_piratez	0	275	0	
set	ZOMBIE_TROOPER_2.PCK	hd_piratez	0	203	0	
terrain	A_BASE	hd_shared?	85	0	0	
terrain	A_BASE2	hd_shared?	23	0	0	
terrain	A_BITS	hd_shared?	8	0	0	
terrain	A_DECOR	hd_piratez	0	111	0	
terrain	A_EXT02	hd_shared?	40	0	0	
terrain	A_FLOOR	hd_shared?	18	0	0	
terrain	A_FRN	hd_shared?	87	0	0	
terrain	A_PODS	hd_shared?	53	0	0	
terrain	A_WALL02	hd_shared?	72	0	0	
terrain	ABUNKER	hd_shared?	67	0	0	
terrain	ACHURCH	hd_piratez	0	79	0	
terrain	ACHURCH2	hd_piratez	0	80	0	
terrain	ACHURCH3	hd_piratez	0	32	0	
terrain	ACHURCH4	hd_piratez	0	43	0	
terrain	AGROUND	hd_piratez	0	21	0	
terrain	ARENA	hd_piratez	0	29	0	
terrain	ASHEN1	hd_piratez	0	123	0	
terrain	ASSAULTBIKE	hd_piratez	0	8	0	
terrain	ASYLUM_WALL	hd_shared?	47	0	0	
terrain	ATLANTDESERT	hd_piratez	0	76	0	
terrain	ATLANTSEASHORT	hd_piratez	0	43	0	
terrain	ATLANVILLA	hd_shared?	73	0	0	
terrain	AVENGER	hd_piratez (mixed)	54	8	62	
terrain	AVENGER_BL2	hd_piratez	0	62	0	
terrain	AVENGER_EDIT	hd_piratez	0	62	0	
terrain	AVENGER_G3	hd_piratez	0	62	0	
terrain	AVENGER_GR	hd_piratez	0	62	0	
terrain	AVENGER_R	hd_piratez	0	62	0	
terrain	BARN	hd_piratez (mixed)	28	1	28	
terrain	BARN_GROX	hd_piratez	0	29	0	
terrain	BARN_JUNK	hd_shared?	29	0	0	
terrain	BARN_PP	hd_piratez	0	29	0	
terrain	BARN_VR	hd_piratez	0	29	0	
terrain	BATHBITZ	hd_shared?	29	0	0	
terrain	BATHBITZ_HT	hd_shared?	17	0	0	
terrain	BEACH	hd_shared?	123	0	0	
terrain	BEDS	hd_piratez	0	6	0	
terrain	BLACKFOREST	hd_piratez	0	59	0	
terrain	BLACKFORESTBITS	hd_piratez	0	15	0	
terrain	BLACKJUNGLE	hd_piratez	0	82	0	
terrain	BLANKS	hd_shared?	2	0	2	
terrain	BLANKS_VR	hd_piratez	0	2	0	
terrain	BLANKSPACE	hd_piratez	0	2	0	
terrain	BOAT_XPZ	hd_piratez	0	74	0	
terrain	BRAIN	hd_shared?	8	0	8	
terrain	BRAIN2	hd_piratez	0	38	0	
terrain	BRICKBAR	hd_piratez	0	31	0	
terrain	BROWNHILL	hd_piratez	0	16	0	
terrain	C_BITS2	hd_shared?	8	0	0	
terrain	C_BITS_02	hd_piratez	0	5	0	
terrain	C_BITS_X1	hd_piratez	0	29	0	
terrain	C_EXT02	hd_piratez	0	40	0	
terrain	C_EXT_ENG_E_BLACK	hd_piratez	0	5	0	
terrain	C_EXT_ENG_E_PRPL	hd_piratez	0	3	0	
terrain	C_EXT_ENGINE_E	hd_piratez	0	10	0	
terrain	C_EXT_ENGINE_E_SILVER	hd_piratez	0	10	0	
terrain	C_EXT_ENGINE_S	hd_piratez	0	10	0	
terrain	C_EXT_ENGINE_S_BLACK	hd_shared?	5	0	0	
terrain	C_EXT_ENGINE_S_RED	hd_shared?	10	0	0	
terrain	C_EXT_ENGINE_S_SILVER	hd_piratez	0	10	0	
terrain	C_EXT_GLASSWALL	hd_shared?	5	0	0	
terrain	C_EXT_LANDGEAR	hd_piratez	0	4	0	
terrain	C_EXT_NOSE	hd_piratez	0	28	0	
terrain	C_EXT_NOSE_BLACK	hd_piratez	0	28	0	
terrain	C_EXT_NOSE_BUMPER	hd_piratez	0	28	0	
terrain	C_EXT_NOSE_BUMPER_BLACK	hd_piratez	0	28	0	
terrain	C_EXT_NOSE_BUMPER_PRPL	hd_piratez	0	28	0	
terrain	C_EXT_NOSE_BUMPER_RED	hd_piratez	0	28	0	
terrain	C_EXT_NOSE_BUMPLESS	hd_piratez	0	28	0	
terrain	C_EXT_NOSE_BUMPLESS_BLACK	hd_shared?	28	0	0	
terrain	C_EXT_NOSE_BUMPLESS_GOLD	hd_shared?	28	0	0	
terrain	C_EXT_NOSE_BUMPLESS_PRPL	hd_piratez	0	28	0	
terrain	C_EXT_NOSE_BUMPLESS_RED	hd_shared?	28	0	0	
terrain	C_EXT_NOSE_DBLUE	hd_piratez	0	28	0	
terrain	C_EXT_NOSE_PRPL	hd_piratez	0	28	0	
terrain	C_EXT_NOSE_RED	hd_piratez	0	28	0	
terrain	C_EXT_NOSE_SIDE	hd_piratez	0	28	0	
terrain	C_EXT_NOSE_SIDE_BLACK	hd_shared?	28	0	0	
terrain	C_EXT_NOSE_SIDE_GOLD	hd_shared?	28	0	0	
terrain	C_EXT_NOSE_SIDE_PRPL	hd_piratez	0	28	0	
terrain	C_EXT_NOSE_SIDE_RED	hd_shared?	28	0	0	
terrain	C_EXT_NOSE_SIDE_SILVER	hd_piratez	0	28	0	
terrain	C_EXT_NOSE_SILVER	hd_piratez	0	28	0	
terrain	C_EXT_NOSE_SILVERGREEN	hd_piratez	0	28	0	
terrain	C_EXT_ROOF	hd_piratez	0	50	0	
terrain	C_EXT_ROOF_BLACK	hd_shared?	50	0	0	
terrain	C_EXT_ROOF_BLACK2	hd_piratez	0	50	0	
terrain	C_EXT_ROOF_DBLUE	hd_piratez	0	50	0	
terrain	C_EXT_ROOF_GOLD	hd_shared?	50	0	0	
terrain	C_EXT_ROOF_PRPL	hd_piratez	0	50	0	
terrain	C_EXT_ROOF_RED	hd_shared?	50	0	0	
terrain	C_EXT_ROOF_SILVER	hd_shared?	50	0	0	
terrain	C_EXT_ROOFBITS_SILVER	hd_piratez	0	50	0	
terrain	C_EXT_TURRET_DBLUE	hd_piratez	0	20	0	
terrain	C_EXT_WALL	hd_piratez	0	49	0	
terrain	C_EXT_WALL_ACD_EXTRA	hd_piratez	0	2	0	
terrain	C_EXT_WALL_BLACK	hd_shared?	49	0	0	
terrain	C_EXT_WALL_BLACK_PURR	hd_shared?	49	0	0	
terrain	C_EXT_WALL_DBLUE	hd_piratez	0	49	0	
terrain	C_EXT_WALL_GOLD	hd_shared?	49	0	0	
terrain	C_EXT_WALL_POLICE	hd_piratez	0	4	0	
terrain	C_EXT_WALL_PRPL	hd_piratez	0	49	0	
terrain	C_EXT_WALL_RED	hd_shared?	49	0	0	
terrain	C_EXT_WALL_SILVER	hd_shared?	47	0	0	
terrain	C_EXT_XCOM	hd_piratez	0	53	0	
terrain	C_EXT_XCOM_BLACK	hd_piratez	0	53	0	
terrain	C_EXT_XCOM_DARK	hd_shared?	53	0	0	
terrain	C_INT	hd_shared?	90	0	0	
terrain	C_INT_CHAIRS	hd_piratez	0	52	0	
terrain	C_INT_ENGINE_E	hd_piratez	0	10	0	
terrain	C_INT_ENGINE_S	hd_shared?	10	0	0	
terrain	C_INT_HALF	hd_shared?	51	0	0	
terrain	C_INT_HALF_XCOM	hd_shared?	51	0	0	
terrain	C_INT_SMALL	hd_piratez	0	90	0	
terrain	C_INT_THIRD	hd_piratez	0	51	0	
terrain	C_INT_XCOM	hd_shared?	90	0	0	
terrain	C_INT_XCOM_GOLD	hd_piratez	0	90	0	
terrain	C_WALL02	hd_piratez	0	66	0	
terrain	CADILLAC	hd_piratez	0	13	0	
terrain	CAFEENTRY	hd_piratez (mixed)	6	1	0	
terrain	CARGO1	hd_shared?	105	0	0	
terrain	CARGO2_IND	hd_shared?	65	0	0	
terrain	CARGO3	hd_shared?	13	0	0	
terrain	CATACDECOR	hd_piratez (mixed)	44	1	0	
terrain	CATACDECOR_CONC	hd_piratez	0	39	0	
terrain	CATACDECOR_DEAD	hd_piratez	0	35	0	
terrain	CATACDECOR_DOOM	hd_piratez	0	48	0	
terrain	CATACOMB	hd_shared?	80	0	0	
terrain	CAVEAQUA	hd_piratez	0	41	0	
terrain	CAVEBLACK	hd_shared?	41	0	0	
terrain	CAVEBONE	hd_shared?	41	0	0	
terrain	CAVEBROWN	hd_shared?	41	0	0	
terrain	CAVEDOOM	hd_piratez	0	41	0	
terrain	CAVEMARS	hd_piratez	0	41	0	
terrain	CAVEMEAT	hd_piratez	0	47	0	
terrain	CAVEPINK	hd_shared?	41	0	0	
terrain	CAVERED	hd_shared?	41	0	0	
terrain	CITYFRNITURE	hd_shared?	26	0	0	
terrain	COMBITS	hd_shared?	28	0	0	
terrain	COMDECOR	hd_shared?	83	0	0	
terrain	COMFRN	hd_shared?	26	0	0	
terrain	COMFRN2	hd_shared?	26	0	0	
terrain	COMMERCE	hd_shared?	117	0	0	
terrain	COMMERCE_MAG	hd_piratez	0	117	0	
terrain	COMMS	hd_piratez	0	78	0	
terrain	COMPLEXBITSMOON	hd_piratez	0	88	0	
terrain	COMPUTERS	hd_shared?	16	0	0	
terrain	COMROADS	hd_shared?	24	0	0	
terrain	CONTAINERS	hd_shared?	23	0	0	
terrain	CORP	hd_shared?	52	0	0	
terrain	CRASHEDPLANE	hd_piratez	0	80	0	
terrain	CRATES	hd_shared?	14	0	0	
terrain	CRIBDECOR	hd_shared?	70	0	0	
terrain	CRYPTEK1	hd_piratez	0	45	0	
terrain	CRYPTEK2	hd_piratez	0	27	0	
terrain	CRYPTEK3	hd_piratez	0	52	0	
terrain	CRYPTEK4	hd_piratez	0	32	0	
terrain	CULTAN	hd_piratez	0	116	0	
terrain	CULTAREA	hd_piratez	0	116	0	
terrain	CULTBITS	hd_piratez	0	22	0	
terrain	CULTDECOR	hd_shared?	80	0	0	
terrain	CULTEXTRA	hd_shared?	48	0	0	
terrain	CULTIVAT	hd_shared?	37	0	37	
terrain	CULTIVAT_PP	hd_piratez	0	37	0	
terrain	CULTIVAT_UBER	hd_piratez	0	37	0	
terrain	CULTIVAT_VR	hd_piratez	0	37	0	
terrain	CULTMACHINES	hd_shared?	10	0	0	
terrain	CUNTTRYROAD	hd_piratez	0	21	0	
terrain	CUNTTRYROAD_LT	hd_shared?	21	0	0	
terrain	CYBERWAREAN	hd_shared?	118	0	0	
terrain	CYBERWAREBITS	hd_shared?	33	0	0	
terrain	DAWNCARS	hd_piratez	0	17	0	
terrain	DAWNURBAN	hd_shared?	116	0	0	
terrain	DAWNURBITS	hd_piratez	0	25	0	
terrain	DEAD_SEWERS_BITS	hd_piratez	0	24	0	
terrain	DEBRIS40KCUT	hd_piratez	0	11	0	
terrain	DECKSHIPC	hd_shared?	18	0	0	
terrain	DECORLUX	hd_piratez	0	86	0	
terrain	DELOREAN	hd_piratez	0	21	0	
terrain	DESERT	hd_shared?	46	0	42	
terrain	DESERTBITS	hd_shared?	7	0	0	
terrain	DESERTPLANE	hd_piratez	0	22	0	
terrain	DESERTROCKS_RED	hd_piratez	0	22	0	
terrain	DOOM_BASE	hd_shared?	64	0	0	
terrain	DOOM_BASE2	hd_shared?	23	0	0	
terrain	DOOM_FACILITY	hd_shared?	7	0	0	
terrain	DOOM_FRN	hd_shared?	33	0	0	
terrain	DOOM_PIPES	hd_shared?	8	0	0	
terrain	DOOM_PODS	hd_shared?	28	0	0	
terrain	DOOM_WALL02	hd_piratez (mixed)	69	3	0	
terrain	DOOMDECOR	hd_shared?	4	0	0	
terrain	DOORS1	hd_shared?	45	0	0	
terrain	DOORS2	hd_piratez	0	20	0	
terrain	DOORSSEC	hd_shared?	45	0	0	
terrain	DREAD_BASE	hd_piratez	0	65	0	
terrain	DREAD_PODS	hd_piratez	0	46	0	
terrain	DREAD_WALL02	hd_piratez	0	85	0	
terrain	DREADSHIP	hd_piratez	0	136	0	
terrain	DREADSHIP2	hd_piratez	0	19	0	
terrain	DREAMVILLA	hd_piratez	0	78	0	
terrain	DUNGEON	hd_shared?	47	0	0	
terrain	DUNGEON_CONC	hd_piratez	0	47	0	
terrain	DUNGEON_DEAD	hd_piratez	0	51	0	
terrain	DUNGEON_VILLA	hd_piratez (mixed)	17	25	0	
terrain	DUNGEONDOOM	hd_piratez	0	47	0	
terrain	DUNGEONEXTRA	hd_shared?	6	0	0	
terrain	DUNGEONEXTRA_DOOM	hd_piratez	0	6	0	
terrain	DUSKURBAN	hd_piratez	0	116	0	
terrain	EARTHTEMPLE1	hd_piratez	0	45	0	
terrain	EASTER	hd_piratez	0	8	0	
terrain	EXPEDITION	hd_piratez	0	14	0	
terrain	FLOORHOLE	hd_piratez	0	117	0	
terrain	FLOORSET	hd_piratez	0	30	0	
terrain	FLOORSETSTYX	hd_piratez	0	36	0	
terrain	FLORASET	hd_piratez	0	25	0	
terrain	FOREST	hd_piratez (mixed)	58	1	59	
terrain	FOREST_NORD	hd_piratez	0	11	0	
terrain	FOREST_SNOW	hd_shared?	59	0	0	
terrain	FOREST_WASTE	hd_piratez	0	59	0	
terrain	FORESTBITS2	hd_piratez	0	15	0	
terrain	FORESTBITS3	hd_piratez	0	15	0	
terrain	FORESTBITS_SNOW	hd_shared?	15	0	0	
terrain	FORESTBITSRED	hd_shared?	15	0	0	
terrain	FORESTBITSWASTE	hd_piratez	0	15	0	
terrain	FORESTJUNGLESTYX	hd_piratez	0	59	0	
terrain	FORESTRED	hd_shared?	59	0	0	
terrain	FORESTSWAMP	hd_shared?	143	0	0	
terrain	FORESTSWAMP_SNOW	hd_shared?	142	0	0	
terrain	FORESTSWAMP_WASTE	hd_piratez	0	142	0	
terrain	FORESTSWAMPBITS	hd_shared?	15	0	0	
terrain	FORESTSWAMPSTYX	hd_piratez	0	143	0	
terrain	FREIGHTER_AGRARIAN	hd_piratez	0	142	0	
terrain	FREIGHTER_CARGO	hd_piratez	0	142	0	
terrain	FREIGHTER_COMMAND	hd_piratez	0	152	0	
terrain	FREIGHTER_COMMAND_2	hd_piratez	0	118	0	
terrain	FREIGHTER_MAIN	hd_piratez	0	83	0	
terrain	FREIGHTER_PASSENGER	hd_piratez	0	150	0	
terrain	FREIGHTER_TECHNICAL	hd_piratez	0	146	0	
terrain	FRN_OLD	hd_piratez	0	29	0	
terrain	FRNITURE	hd_shared?	26	0	26	
terrain	FRNITURE_WASTE	hd_piratez	0	26	0	
terrain	FRNITURELUX	hd_piratez	0	26	0	
terrain	FRNTURE_GOLD	hd_piratez	0	26	0	
terrain	GDXOPSFLOORS	hd_piratez	0	89	0	
terrain	GDXOPSPORTA	hd_piratez	0	51	0	
terrain	GDXOPSWALLS	hd_piratez	0	85	0	
terrain	GLASSDECOR	hd_piratez	0	12	0	
terrain	GOLDENCLAW	hd_piratez	0	47	0	
terrain	GOTHIC	hd_piratez	0	68	0	
terrain	GOVROADS	hd_shared?	23	0	0	
terrain	GOVT	hd_piratez (mixed)	115	8	0	
terrain	GOVTDECOR	hd_piratez (mixed)	69	1	0	
terrain	GRAVES_RED	hd_piratez	0	15	0	
terrain	GRUNGE5	hd_shared?	40	0	0	
terrain	HANGAR2_SCI	hd_piratez	0	110	0	
terrain	HIGHSTAR	hd_piratez	0	7	0	
terrain	ICEKING_PODS	hd_piratez	0	24	0	
terrain	ICEKING_RUINS	hd_piratez	0	89	0	
terrain	ICEKING_VILLAGE	hd_piratez	0	85	0	
terrain	ICEKING_WALL02	hd_piratez	0	70	0	
terrain	IDT_ASIA	hd_shared?	88	0	0	
terrain	IDT_BARNFLOOR	hd_shared?	29	0	0	
terrain	IDT_FARM	hd_shared?	60	0	0	
terrain	IDT_FARM_WATER	hd_shared?	85	0	0	
terrain	IDT_HUMAN	hd_shared?	105	0	0	
terrain	IDT_ROOF	hd_shared?	32	0	0	
terrain	IDT_SNOWBARN	hd_piratez	0	53	0	
terrain	IDT_SNOWCULTIVAT	hd_piratez	0	37	0	
terrain	IDT_SNOWROOF	hd_piratez	0	32	0	
terrain	IDT_SNOWVILBAN	hd_piratez	0	118	0	
terrain	INDUSLUM	hd_shared?	88	0	0	
terrain	ISLANDURBAN1	hd_shared?	50	0	0	
terrain	ISLANDURBAN2	hd_shared?	50	0	0	
terrain	ISLANDURBAN3	hd_shared?	39	0	0	
terrain	JAILBITES	hd_piratez	0	14	0	
terrain	JUNGLE	hd_shared?	82	0	82	
terrain	JUNGLEBITS	hd_shared?	85	0	0	
terrain	JUNGLEROCKS	hd_piratez	0	15	0	
terrain	JUNGLESTYX	hd_piratez	0	28	0	
terrain	JUNGLEVINES	hd_piratez (mixed)	6	3	0	
terrain	JUNGLYROAD	hd_shared?	22	0	0	
terrain	KITSUNE	hd_shared?	45	0	0	
terrain	LAM_BASE	hd_piratez	0	73	0	
terrain	LAM_BASE2	hd_piratez	0	21	0	
terrain	LAM_BITS	hd_piratez	0	8	0	
terrain	LAM_EXT02	hd_piratez	0	40	0	
terrain	LAM_FLOOR	hd_piratez	0	24	0	
terrain	LAM_FRN	hd_piratez	0	72	0	
terrain	LAM_PODS	hd_piratez	0	19	0	
terrain	LAM_WALL02	hd_piratez	0	91	0	
terrain	LANTERNS	hd_piratez	0	44	0	
terrain	LAVA	hd_shared?	67	0	0	
terrain	LAVA_SWAMP	hd_piratez	0	67	0	
terrain	LAVA_SWAMPGREEN	hd_piratez	0	67	0	
terrain	LIFTER	hd_shared?	16	0	0	
terrain	LIFTER_LOLI	hd_piratez	0	16	0	
terrain	LIGHTNIN	hd_shared?	55	0	51	
terrain	LIGHTNIN_BL2	hd_piratez	0	51	0	
terrain	LIGHTNIN_G2	hd_piratez	0	55	0	
terrain	LIGHTNIN_GR	hd_piratez	0	51	0	
terrain	LIGHTNIN_R	hd_piratez	0	51	0	
terrain	LIGHTNIN_R2	hd_piratez	0	51	0	
terrain	LINERSHIPA	hd_shared?	117	0	0	
terrain	LINERSHIPB	hd_shared?	115	0	0	
terrain	LINERSHIPC	hd_shared?	40	0	0	
terrain	LINERSHIPD	hd_shared?	42	0	0	
terrain	LITTLE_BIRD	hd_shared?	49	0	0	
terrain	MADDECOR	hd_shared?	87	0	0	
terrain	MADDECOR_WASTE	hd_piratez	0	89	0	
terrain	MAGETOWER0	hd_piratez	0	46	0	
terrain	MAGETOWER1	hd_piratez	0	92	0	
terrain	MANHOLE	hd_piratez	0	4	0	
terrain	MANSION_PAINTINGS	hd_shared?	20	0	0	
terrain	MANSIONBITS	hd_piratez (mixed)	21	1	0	
terrain	MANSIONFLOOR_MAG	hd_piratez	0	38	0	
terrain	MANSIONFURNITURE	hd_shared?	26	0	0	
terrain	MANSIONFURNITURE_MAG	hd_piratez	0	28	0	
terrain	MANSIONGARDEN	hd_shared?	19	0	0	
terrain	MANSIONGARDEN_MAG	hd_piratez	0	19	0	
terrain	MARS	hd_shared?	37	0	37	
terrain	MARS_VR	hd_piratez	0	37	0	
terrain	MARSEC_COMPUTERS	hd_piratez	0	16	0	
terrain	MARSEC_EXT_2	hd_piratez	0	75	0	
terrain	MARSEC_FRN	hd_piratez	0	27	0	
terrain	MARSEC_INT_2	hd_piratez	0	129	0	
terrain	MARSEC_NAVIGATION	hd_piratez	0	23	0	
terrain	MARSEC_OPER	hd_piratez	0	31	0	
terrain	MARSEC_PODS	hd_piratez	0	27	0	
terrain	MEDIEVAL	hd_piratez	0	46	0	
terrain	METRO1	hd_piratez	0	121	0	
terrain	METROBITS	hd_piratez	0	29	0	
terrain	METROPIPES	hd_piratez	0	89	0	
terrain	MI8	hd_piratez	0	76	0	
terrain	MI_24_HIND_A	hd_piratez	0	62	0	
terrain	MILBARR	hd_shared?	58	0	0	
terrain	MILBARRGHOUL	hd_piratez	0	66	0	
terrain	MILEXT	hd_piratez (mixed)	48	29	0	
terrain	MILINDUSTRIAL	hd_shared?	18	0	0	
terrain	MILINDUSTRIALGHOUL	hd_piratez	0	19	0	
terrain	MILTECHDIO	hd_piratez	0	63	0	
terrain	MILTECHGHOUL	hd_piratez	0	60	0	
terrain	MILURBAN	hd_shared?	116	0	0	
terrain	MILURBITSEXT	hd_piratez	0	93	0	
terrain	MILWARE	hd_shared?	87	0	0	
terrain	MILWAREGHOUL	hd_piratez	0	94	0	
terrain	MOORINGS	hd_piratez	0	16	0	
terrain	MOUNT	hd_shared?	54	0	54	
terrain	MOUNTGRASS	hd_shared?	65	0	0	
terrain	MOUNTMOON	hd_shared?	65	0	0	
terrain	MOUNTMUD	hd_shared?	65	0	0	
terrain	MOUNTROCK	hd_shared?	66	0	0	
terrain	MOUNTSAND	hd_shared?	64	0	0	
terrain	MOUNTSNOW2	hd_piratez	0	64	0	
terrain	MOUNTTROP	hd_shared?	66	0	0	
terrain	MOUNTWASTE2	hd_piratez	0	66	0	
terrain	MUCONCRETE	hd_piratez	0	96	0	
terrain	MUICE	hd_piratez	0	80	0	
terrain	MUJUNGLE	hd_shared?	80	0	0	
terrain	MUJUNGLE_2	hd_piratez	0	80	0	
terrain	MUMMY_RUINS	hd_shared?	88	0	0	
terrain	MUMMY_VILLAGE	hd_shared?	85	0	0	
terrain	MUSTYX	hd_piratez	0	84	0	
terrain	NECROPOLIS_DECOR	hd_piratez	0	7	0	
terrain	NEOJUNGLE	hd_piratez	0	82	0	
terrain	NINJASPECIALS	hd_piratez	0	11	0	
terrain	NINJATECH	hd_piratez	0	70	0	
terrain	NKF_APC_PIR_BROWN	hd_piratez	0	40	0	
terrain	NUKE1	hd_piratez	0	23	0	
terrain	NUKE2	hd_shared?	39	0	0	
terrain	NUKE3	hd_shared?	37	0	0	
terrain	NUKE_CITY	hd_piratez	0	32	0	
terrain	NUKE_CITY_2	hd_shared?	23	0	0	
terrain	NUKE_UNDERGROUND	hd_piratez	0	8	0	
terrain	NUKE_WATER_2	hd_piratez	0	81	0	
terrain	ORKP_BLACK	hd_piratez	0	83	0	
terrain	OSIRON_FINNIK	hd_shared?	66	0	0	
terrain	PENTA_X	hd_shared?	12	0	0	
terrain	PLANE	hd_shared?	63	0	63	
terrain	PLANE2	hd_piratez	0	130	0	
terrain	PLANE2R	hd_piratez	0	130	0	
terrain	PLANE_VR	hd_piratez	0	63	0	
terrain	POLAR	hd_shared?	123	0	123	
terrain	POLARPLANE	hd_piratez	0	22	0	
terrain	PORTROADS	hd_shared?	95	0	0	
terrain	PORTURBITS	hd_shared?	93	0	0	
terrain	PREDATOR_NAZ	hd_piratez	0	31	0	
terrain	PREDATOR_PIR	hd_piratez	0	31	0	
terrain	PYRAMID_DARK	hd_piratez	0	20	0	
terrain	QTAXI	hd_piratez	0	14	0	
terrain	REDDESERT	hd_piratez	0	42	0	
terrain	REDGATE	hd_piratez	0	8	0	
terrain	RET_BITS	hd_piratez	0	23	0	
terrain	RET_LADDERS	hd_piratez	0	117	0	
terrain	RET_SHIPS	hd_piratez (mixed)	116	1	0	
terrain	RET_SHIPS_XCOM	hd_piratez	0	117	0	
terrain	RET_WALLS	hd_piratez	0	93	0	
terrain	RITUALS	hd_shared?	23	0	0	
terrain	ROAD_ONLY_WHITE	hd_piratez	0	6	0	
terrain	ROADS	hd_shared?	23	0	23	
terrain	ROADS_SNOW	hd_shared?	19	0	0	
terrain	ROADS_WASTE	hd_piratez	0	23	0	
terrain	ROADSGREEN	hd_piratez	0	22	0	
terrain	ROADSLUX	hd_piratez	0	23	0	
terrain	RUSTSHACKS	hd_piratez	0	52	0	
terrain	RUSTSHACKS2	hd_piratez	0	57	0	
terrain	SANDS	hd_shared?	22	0	0	
terrain	SAVANNABEACH	hd_shared?	81	0	0	
terrain	SEABITS	hd_shared?	3	0	0	
terrain	SEACORAL	hd_piratez	0	34	0	
terrain	SEADEBRIS6	hd_piratez	0	67	0	
terrain	SEADEBRIS6EXT	hd_piratez	0	4	0	
terrain	SEAMADDECOR	hd_piratez	0	87	0	
terrain	SEAMSUNK1	hd_piratez	0	50	0	
terrain	SEAMSUNK2	hd_piratez	0	29	0	
terrain	SEANOM	hd_shared?	16	0	0	
terrain	SEAORGANIC1XPZ	hd_piratez	0	139	0	
terrain	SEAORGANIC2XPZ	hd_piratez	0	64	0	
terrain	SEAORGANIC3	hd_shared?	43	0	0	
terrain	SEAROADSDIO	hd_piratez	0	23	0	
terrain	SEAROCKS	hd_shared?	17	0	0	
terrain	SEASAND	hd_shared?	22	0	0	
terrain	SEASAND6	hd_piratez	0	22	0	
terrain	SEASUNK6	hd_piratez	0	50	0	
terrain	SEAURBAN	hd_shared?	144	0	0	
terrain	SEAURBANDIO	hd_piratez	0	123	0	
terrain	SEAURBITSSDIO	hd_piratez	0	25	0	
terrain	SEAWEEDS	hd_shared?	5	0	0	
terrain	SGR_BASIS	hd_piratez	0	18	0	
terrain	SGR_BOTANICA	hd_piratez	0	48	0	
terrain	SGR_CAVE	hd_piratez	0	124	0	
terrain	SGR_CAVE2	hd_piratez	0	98	0	
terrain	SGR_CAVE3	hd_piratez	0	76	0	
terrain	SGR_COM	hd_piratez	0	77	0	
terrain	SGR_CORRUPTION	hd_piratez	0	114	0	
terrain	SGR_DOORS	hd_piratez	0	37	0	
terrain	SGR_ELECTRONICS	hd_piratez	0	90	0	
terrain	SGR_HABITATION	hd_piratez	0	104	0	
terrain	SGR_INT01	hd_piratez	0	112	0	
terrain	SGR_INT02	hd_piratez	0	39	0	
terrain	SGR_INT03	hd_piratez	0	88	0	
terrain	SGR_MEDBAY	hd_piratez	0	72	0	
terrain	SGR_REACTORS	hd_piratez	0	28	0	
terrain	SGR_SERVICE	hd_piratez	0	64	0	
terrain	SGR_SPECIAL01	hd_piratez	0	90	0	
terrain	SGR_SPECIAL02	hd_piratez	0	70	0	
terrain	SGR_SUBWAY	hd_piratez	0	70	0	
terrain	SGR_TRAIN	hd_piratez	0	139	0	
terrain	SGR_TRAIN2	hd_piratez	0	129	0	
terrain	SGR_WALLS	hd_piratez	0	31	0	
terrain	SGR_WALLS_B	hd_piratez	0	31	0	
terrain	SGR_WALLS_GOLD	hd_piratez	0	31	0	
terrain	SGR_WALLS_P	hd_piratez	0	31	0	
terrain	SHOGG_VILLAGE_PODS	hd_piratez	0	24	0	
terrain	SHOGG_VILLAGE_WALL02	hd_shared?	70	0	0	
terrain	SIBERIABASE	hd_shared?	105	0	0	
terrain	SIETCH	hd_piratez	0	80	0	
terrain	SIETCH_DARK	hd_shared?	80	0	0	
terrain	SIETCHDOOM	hd_piratez	0	79	0	
terrain	SLUM_FURNITURE	hd_shared?	15	0	0	
terrain	SPACESTATION_EXTRA	hd_piratez	0	109	0	
terrain	SPACESTATION_INT	hd_piratez	0	145	0	
terrain	SPACEVOID	hd_piratez	0	1	0	
terrain	STATION	hd_piratez	0	121	0	
terrain	STATIONBITS	hd_piratez	0	37	0	
terrain	STATIONDECOR	hd_piratez	0	69	0	
terrain	STATIONWALLS	hd_piratez	0	55	0	
terrain	STATUES_NORD	hd_piratez	0	20	0	
terrain	STORMMOUNT	hd_shared?	29	0	0	
terrain	STRYKER	hd_piratez	0	25	0	
terrain	SUBBITS	hd_shared?	8	0	0	
terrain	TABLES	hd_piratez	0	37	0	
terrain	TAUROX	hd_piratez	0	50	0	
terrain	TAVERN	hd_shared?	37	0	0	
terrain	TDPORTAL	hd_piratez	0	9	0	
terrain	TDPORTAL_BLACK	hd_piratez	0	9	0	
terrain	TECHFLOOR	hd_piratez	0	4	0	
terrain	THULBASES01	hd_piratez	0	108	0	
terrain	THULBASES02	hd_piratez	0	103	0	
terrain	THULBASES03	hd_piratez	0	97	0	
terrain	THULBASES04	hd_piratez	0	86	0	
terrain	THULBASES05	hd_piratez	0	73	0	
terrain	TOILET	hd_piratez	0	30	0	
terrain	TRITON_PURR	hd_shared?	70	0	0	
terrain	TRITON_U	hd_piratez	0	70	0	
terrain	TUNDRAPLANE	hd_piratez	0	22	0	
terrain	U_BASE	hd_shared?	71	0	71	
terrain	U_BASE2	hd_piratez (mixed)	20	3	0	
terrain	U_BASE2_VR	hd_piratez	0	23	0	
terrain	U_BASE2GOLD	hd_shared?	20	0	0	
terrain	U_BASE_B	hd_piratez	0	71	0	
terrain	U_BASE_RET	hd_piratez	0	71	0	
terrain	U_BASE_VR	hd_piratez	0	23	0	
terrain	U_BASECHURCH	hd_piratez	0	70	0	
terrain	U_BASEGOLD	hd_shared?	71	0	0	
terrain	U_BITS	hd_shared?	8	0	8	
terrain	U_BITS_B	hd_piratez	0	8	0	
terrain	U_BITS_G	hd_shared?	8	0	0	
terrain	U_BITS_P	hd_piratez	0	8	0	
terrain	U_BITS_VR	hd_piratez	0	8	0	
terrain	U_BITSGOLD	hd_shared?	8	0	0	
terrain	U_BITSN	hd_shared?	12	0	0	
terrain	U_DISEC2	hd_shared?	22	0	22	
terrain	U_DISEC2GOLD	hd_piratez (mixed)	20	2	0	
terrain	U_DISEC3GOLD	hd_shared?	48	0	0	
terrain	U_EXT	hd_shared?	101	0	0	
terrain	U_EXT02	hd_piratez (mixed)	37	3	40	
terrain	U_EXT02_VR	hd_piratez	0	40	0	
terrain	U_EXT02GOLD	hd_piratez (mixed)	37	3	0	
terrain	U_EXT_B	hd_piratez	0	40	0	
terrain	U_EXT_G	hd_piratez (mixed)	33	7	0	
terrain	U_EXT_P	hd_piratez	0	40	0	
terrain	U_EXT_ROOF	hd_shared?	101	0	0	
terrain	U_FLOOR	hd_shared?	18	0	0	
terrain	U_FLOORGOLD	hd_shared?	18	0	0	
terrain	U_FRN	hd_shared?	87	0	0	
terrain	U_FRNCHURCH	hd_piratez	0	87	0	
terrain	U_OPER2	hd_shared?	15	0	15	
terrain	U_OPER_G	hd_shared?	15	0	0	
terrain	U_PLANET_VOID	hd_piratez	0	72	0	
terrain	U_PODS	hd_shared?	27	0	27	
terrain	U_PODS_B	hd_piratez	0	27	0	
terrain	U_PODS_G	hd_shared?	27	0	0	
terrain	U_PODS_VR	hd_piratez	0	27	0	
terrain	U_PODSCHURCH	hd_piratez	0	26	0	
terrain	U_PODSGOLD	hd_piratez (mixed)	11	16	0	
terrain	U_WALL	hd_shared?	84	0	0	
terrain	U_WALL02	hd_piratez (mixed)	22	44	66	
terrain	U_WALL02_VR	hd_piratez	0	66	0	
terrain	U_WALL02GOLD	hd_piratez (mixed)	44	28	0	
terrain	U_WALL_B	hd_piratez	0	66	0	
terrain	U_WALL_G	hd_shared?	66	0	0	
terrain	U_WALL_G_X	hd_piratez	0	66	0	
terrain	U_WALL_P	hd_piratez	0	66	0	
terrain	U_WALLCHURCH	hd_piratez	0	72	0	
terrain	U_WALLGUILD	hd_piratez	0	66	0	
terrain	UAC_BASE_V	hd_piratez	0	109	0	
terrain	UAC_BITS	hd_shared?	8	0	0	
terrain	UAC_DECOR_V	hd_piratez	0	135	0	
terrain	UAC_WALL02_V	hd_piratez	0	92	0	
terrain	UFO1	hd_shared?	27	0	27	
terrain	UFOAA_BITS	hd_piratez	0	15	0	
terrain	UFOAA_EXT	hd_piratez	0	107	0	
terrain	UFOAA_INT	hd_piratez	0	123	0	
terrain	UFOAA_INT02	hd_piratez	0	97	0	
terrain	UFOL83	hd_piratez (mixed)	54	2	0	
terrain	UFOL83_G	hd_piratez	0	56	0	
terrain	UFOL83_P	hd_piratez	0	56	0	
terrain	UFOL83DIO_B	hd_shared?	49	0	0	
terrain	UFOL83DIO_B2	hd_piratez	0	47	0	
terrain	UH_1B_HUEY	hd_shared?	49	0	0	
terrain	URBAN	hd_shared?	116	0	115	
terrain	URBAN40K	hd_piratez	0	117	0	
terrain	URBAN40K2MOON	hd_piratez	0	125	0	
terrain	URBAN40KN1	hd_piratez	0	117	0	
terrain	URBAN_GOODS	hd_shared?	116	0	0	
terrain	URBAN_WASTE	hd_piratez	0	116	0	
terrain	URBAN_WASTE_WALLS	hd_piratez	0	81	0	
terrain	URBANLUX	hd_piratez	0	116	0	
terrain	URBANWAR	hd_piratez	0	116	0	
terrain	URBITS	hd_shared?	25	0	25	
terrain	URBITS40K	hd_shared?	25	0	0	
terrain	URBITS_INDUSLUM	hd_shared?	28	0	0	
terrain	URBITS_JUNK	hd_shared?	25	0	0	
terrain	URBITS_WASTE	hd_piratez	0	25	0	
terrain	URBITSLUX	hd_piratez	0	25	0	
terrain	USOBITS	hd_shared?	12	0	0	
terrain	USOENTRY	hd_piratez	0	80	0	
terrain	USOEXT2	hd_shared?	66	0	0	
terrain	USOEXT2BROKEN	hd_piratez	0	66	0	
terrain	USOEXT3	hd_shared?	25	0	0	
terrain	USOINT1	hd_shared?	46	0	0	
terrain	USOINT2	hd_shared?	44	0	0	
terrain	USOINT3	hd_shared?	33	0	0	
terrain	VILBAN	hd_shared?	116	0	0	
terrain	VILBITS	hd_shared?	25	0	0	
terrain	VILFRNITURE	hd_shared?	109	0	0	
terrain	VILROADS	hd_shared?	22	0	0	
terrain	WALL_DECO	hd_piratez	0	13	0	
terrain	WALL_DECO_CUT	hd_piratez	0	10	0	
terrain	WAREAN_TEC	hd_piratez	0	52	0	
terrain	WAREBITS	hd_piratez	0	31	0	
terrain	WESTFLOOR	hd_piratez	0	15	0	
terrain	WHITEBASES01	hd_piratez (mixed)	91	20	0	
terrain	WHITEBASES02	hd_piratez (mixed)	91	1	0	
terrain	WHITEBASES03	hd_shared?	98	0	0	
terrain	WHITEBASES04	hd_shared?	86	0	0	
terrain	WHITEBASES05	hd_shared?	73	0	0	
terrain	WHITEBITS	hd_shared?	46	0	0	
terrain	WHITECASTLE	hd_piratez	0	80	0	
terrain	XARMY	hd_piratez (mixed)	69	14	0	
terrain	XB1BR	hd_piratez	0	119	0	
terrain	XB2BR	hd_piratez (mixed)	52	62	0	
terrain	XB3BITZ1	hd_shared?	29	0	0	
terrain	XB3BITZ1_MAG	hd_piratez	0	29	0	
terrain	XB3BITZ2	hd_piratez	0	58	0	
terrain	XB3BITZ3	hd_piratez	0	35	0	
terrain	XBASE1	hd_shared?	105	0	105	
terrain	XBASE1_AMB	hd_piratez	0	105	0	
terrain	XBASE1_NTR	hd_piratez	0	105	0	
terrain	XBASE2	hd_piratez (mixed)	57	6	62	
terrain	XBASEN_BEDS	hd_shared?	16	0	0	
terrain	XBASEN_BITS	hd_shared?	51	0	0	
terrain	XBITSUFO	hd_shared?	46	0	0	
terrain	XBR1NEUTRAL	hd_piratez	0	83	0	
terrain	XCARS_BLACK	hd_piratez	0	34	0	
terrain	XCARS_BLACK_CUT	hd_piratez	0	34	0	
terrain	XCOMENTRY	hd_shared?	3	0	0	
terrain	XCOMEXIT	hd_shared?	3	0	0	
terrain	XOPSDESERT	hd_piratez	0	96	0	
terrain	XOPSDESERTRED	hd_piratez	0	46	0	
terrain	XOPSDESERTRUINS	hd_piratez	0	50	0	
terrain	XOPSMUJUNGLEADDON	hd_shared?	24	0	0	
terrain	XOPSMUJUNGLEADDONDARK	hd_piratez	0	24	0	
terrain	XOPSMUJUNGLEADDONSIETCH	hd_piratez	0	24	0	
terrain	XOPSTRANSPORT2	hd_piratez	0	115	0	
terrain	XOPSTRANSPORT2_RED	hd_piratez	0	115	0	
terrain	XOPSTRANSPORT3	hd_piratez	0	89	0	
terrain	XOPSUFOEXT	hd_piratez	0	103	0	
terrain	XOPSUFOFLOOR	hd_shared?	89	0	0	
terrain	XOPSUFOITEMS1	hd_piratez	0	51	0	
terrain	XOPSUFOITEMS2	hd_piratez	0	137	0	
terrain	XOPSUFOITEMS2SM	hd_shared?	137	0	0	
terrain	XOPSUFOSMFLOOR	hd_piratez	0	89	0	
terrain	XOPSUFOSUPPLYALT	hd_piratez	0	36	0	
terrain	XOPSUFOWALLS	hd_shared?	85	0	0	
terrain	XOPSUFOWALLSSM	hd_piratez	0	85	0	
ui	7V7KILL	hd_piratez	0	1	0	
ui	AAP_002	hd_piratez	0	1	0	
ui	AAP_003_CPAL	hd_piratez	0	1	0	
ui	AAP_004_CPAL	hd_piratez	0	1	0	
ui	AAP_005_CPAL	hd_piratez	0	1	0	
ui	AAP_024_CPAL	hd_piratez	0	1	0	
ui	AAP_027_CPAL	hd_piratez	0	1	0	
ui	ABBEY	hd_piratez	0	1	0	
ui	Abusement_CPAL	hd_piratez	0	1	0	
ui	ABYSSAL3	hd_piratez	0	1	0	
ui	Academy_Recruitment	hd_piratez	0	1	0	
ui	Academy_Training	hd_piratez	0	1	0	
ui	Access_Denied_CPAL	hd_piratez	0	1	0	
ui	Advanced_Weapons	hd_piratez	0	1	0	
ui	AGAINST_ODDS	hd_piratez	0	1	0	
ui	Ages	hd_piratez	0	1	0	
ui	AgressorGal_FG_105_CPAL	hd_piratez	0	1	0	
ui	AI_CrashSite_11_CPAL	hd_piratez	0	1	0	
ui	AI_Hooded_CPAL	hd_piratez	0	1	0	
ui	AI_Lokk_Scav1	hd_piratez	0	1	0	
ui	AI_Lokk_Scav2	hd_piratez	0	1	0	
ui	AI_Loknar_Assassin	hd_piratez	0	1	0	
ui	AI_Ret_Hive_1_CPAL	hd_piratez	0	1	0	
ui	AI_Theban_Clone_Armor_CPAL	hd_piratez	0	1	0	
ui	AI_Wild1	hd_piratez	0	1	0	
ui	AI_WinoDino04_CPAL	hd_piratez	0	1	0	
ui	Air_Boarding2	hd_piratez	0	1	0	
ui	AIRBIKE_PIRANHA	hd_piratez	0	1	0	
ui	AIRCAR_CPAL	hd_piratez	0	1	0	
ui	AircraftWeapons_FG_102_CPAL	hd_piratez	0	1	0	
ui	AirDictator_FG_485_CPAL	hd_piratez	0	1	0	
ui	AirFiltration_FG_178_CPAL	hd_piratez	0	1	0	
ui	Airforce	hd_piratez	0	1	0	
ui	Airforce_Buff_Gal_CPAL	hd_piratez	0	1	0	
ui	AIRGAL3	hd_piratez	0	1	0	
ui	Airplane_AI2_CPAL	hd_piratez	0	1	0	
ui	AIRSPEEDER	hd_piratez	0	1	0	
ui	AIRVAN	hd_piratez	0	1	0	
ui	Akasha_CPAL	hd_piratez	0	1	0	
ui	Akiko_1	hd_piratez	0	1	0	
ui	Akimbo_Lady	hd_piratez	0	1	0	
ui	Alabaster_Queen_1_CPAL	hd_piratez	0	1	0	
ui	Alchemy_CPAL	hd_piratez	0	1	0	
ui	Alenium_FG_224_CPAL	hd_piratez	0	1	0	
ui	Alice_Shrooms	hd_piratez	0	1	0	
ui	Alien_Abduction_CPAL	hd_piratez	0	1	0	
ui	ALIEN_BASE_ASSAULT	hd_piratez	0	1	0	
ui	Alien_Love_LM_CPAL	hd_piratez	0	1	0	
ui	Alien_Queen	hd_piratez	0	1	0	
ui	Alien_Shore	hd_piratez	0	1	0	
ui	Alien_Terror	hd_piratez	0	1	0	
ui	Alien_Warrioress	hd_piratez	0	1	0	
ui	AlienFarmingFacility_CPAL	hd_piratez	0	1	0	
ui	AlienGauss	hd_piratez	0	1	0	
ui	AlienResearchUnderwater_CPAL	hd_piratez	0	1	0	
ui	Aliens_Horny_P1_CPAL	hd_piratez	0	1	0	
ui	AlienShields	hd_piratez	0	1	0	
ui	ALPHA	hd_piratez	0	1	0	
ui	AMAZON	hd_piratez	0	1	0	
ui	Ancient_Civs_CPAL	hd_piratez	0	1	0	
ui	AncientAliens_CPAL	hd_shared?	1	0	0	
ui	Angel_CPAL	hd_piratez	0	1	0	
ui	Animatrons	hd_piratez	0	1	0	
ui	AnnihilatorGal_FG_392_CPAL	hd_piratez	0	1	0	
ui	Another_Mask_CPAL	hd_piratez	0	1	0	
ui	Antarctica_Jungles_CPAL	hd_piratez	0	1	0	
ui	AntiE511_FG_101_CPAL	hd_piratez	0	1	0	
ui	Apoc_CoS_Ped	hd_piratez	0	1	0	
ui	Apostate	hd_piratez	0	1	0	
ui	Aqua_Plastics	hd_piratez	0	1	0	
ui	Aquatoids	hd_piratez	0	1	0	
ui	Arcane_Weaponry_CPAL	hd_piratez	0	1	0	
ui	Archer_8_CPAL	hd_piratez	0	1	0	
ui	Area_Asia	hd_piratez	0	1	0	
ui	Area_Europe	hd_piratez	0	1	0	
ui	Area_Murrica	hd_piratez	0	1	0	
ui	Area_South	hd_piratez	0	1	0	
ui	ArmoredCar_FG_101_CPAL	hd_piratez	0	1	0	
ui	ARMS	hd_piratez	0	1	0	
ui	ArmWrestle_FG_333_CPAL	hd_piratez	0	1	0	
ui	ASSAULTER	hd_piratez	0	1	0	
ui	Astronaughty_CPAL	hd_piratez	0	1	0	
ui	Atlantis	hd_piratez	0	1	0	
ui	ATOMIC	hd_piratez	0	1	0	
ui	atomic_rockets_CPAL	hd_piratez	0	1	0	
ui	Attack_Ships	hd_piratez	0	1	0	
ui	Attack_Ships_On_Fire	hd_piratez	0	1	0	
ui	ATTITUDE_PROBLEM	hd_piratez	0	1	0	
ui	Auqa_Ammo_Ped	hd_piratez	0	1	0	
ui	Aurora_26_CPAL	hd_piratez	0	1	0	
ui	Aurora_51B	hd_piratez	0	1	0	
ui	Aurora_Apparition_CPAL	hd_piratez	0	1	0	
ui	Aurora_Cosplay1_CPAL	hd_piratez	0	1	0	
ui	Aurora_Dancing_FG_334_CPAL	hd_piratez	0	1	0	
ui	Aurora_Gnome	hd_piratez	0	1	0	
ui	Aurora_Ice_FG_44_CPAL	hd_piratez	0	1	0	
ui	Aurora_Ignored_FG_262_CPAL	hd_piratez	0	1	0	
ui	Aurora_Pirate_FG_364_CPAL	hd_piratez	0	1	0	
ui	Aurora_Prisoner3_CPAL	hd_piratez	0	1	0	
ui	Aurora_Sad_FG_702_CPAL	hd_piratez	0	1	0	
ui	Aurora_TeaParty2_CPAL	hd_piratez	0	1	0	
ui	Aurora_Video_FG_691_CPAL	hd_piratez	0	1	0	
ui	AuroraBig11_CPAL	hd_piratez	0	1	0	
ui	AuroraHatter113_CPAL	hd_piratez	0	1	0	
ui	AuroraHouri_FG_346_CPAL	hd_piratez	0	1	0	
ui	AuroraSinger_FG_375_CPAL	hd_piratez	0	1	0	
ui	Autofire_CPAL	hd_piratez	0	1	0	
ui	Avalanche_Manuf	hd_piratez	0	1	0	
ui	Avatar	hd_piratez	0	1	0	
ui	BABEL	hd_piratez	0	1	0	
ui	BackToSchool_FG_142_CPAL	hd_piratez	0	1	0	
ui	BANDITCATCHER	hd_piratez	0	1	0	
ui	Bane2	hd_piratez	0	1	0	
ui	BARACUDA	hd_piratez	0	1	0	
ui	Baron_2	hd_piratez	0	1	0	
ui	BASE_DEFENSE	hd_piratez	0	1	0	
ui	Bat_x_Super	hd_piratez	0	1	0	
ui	Bath	hd_piratez	0	1	0	
ui	BATTLE_FORM	hd_piratez	0	1	0	
ui	BATTLE_FORM_GAL	hd_piratez	0	1	0	
ui	BattleBeyond	hd_piratez	0	1	0	
ui	BATTLEMAGE	hd_piratez	0	1	0	
ui	BDAYCAKE_A_CPAL	hd_piratez	0	1	0	
ui	Beastmen_2	hd_piratez	0	1	0	
ui	Beastmen_Taming_CPAL	hd_piratez	0	1	0	
ui	BeastmenScience	hd_piratez	0	1	0	
ui	BEAUTYFORMULA	hd_piratez	0	1	0	
ui	BefriendingSlime_FG_119_CPAL	hd_piratez	0	1	0	
ui	BefriendingSlime_FG_120_CPAL	hd_piratez	0	1	0	
ui	BETRAYER	hd_piratez	0	1	0	
ui	BFM_CPAL	hd_piratez	0	1	0	
ui	BIG_BUGEYE_WIZARD_SPECIALIZATION_CPAL	hd_piratez	0	1	0	
ui	Big_Cat	hd_piratez	0	1	0	
ui	Big_Fish_CPAL	hd_piratez	0	1	0	
ui	Big_Gun_Shop	hd_piratez	0	1	0	
ui	Big_Guns_P1_CPAL	hd_piratez	0	1	0	
ui	BigCannons_FG_443_CPAL	hd_piratez	0	1	0	
ui	Bigtorique	hd_piratez	0	1	0	
ui	Bike_3	hd_piratez	0	1	0	
ui	Bike_4	hd_piratez	0	1	0	
ui	Biker	hd_piratez	0	1	0	
ui	Bikergirls_11	hd_piratez	0	1	0	
ui	Biologist_CPAL	hd_piratez	0	1	0	
ui	Biomimetic	hd_piratez	0	1	0	
ui	Black_And_White_Lady_CPAL	hd_piratez	0	1	0	
ui	Black_Dragon1	hd_piratez	0	1	0	
ui	Black_Sun	hd_piratez	0	1	0	
ui	Black_Towers	hd_shared?	1	0	0	
ui	BlackDragon_Caged_FG_716_CPAL	hd_piratez	0	1	0	
ui	BlackDragon_FG_356_CPAL	hd_piratez	0	1	0	
ui	BlackDragon_FG_359_CPAL	hd_piratez	0	1	0	
ui	BlackDragon_FG_393_CPAL	hd_piratez	0	1	0	
ui	BlackDragon_FG_408_CPAL	hd_piratez	0	1	0	
ui	BlackDragon_FG_411_CPAL	hd_piratez	0	1	0	
ui	BlackDragon_FG_427_CPAL	hd_piratez	0	1	0	
ui	BlackDragonSmile_FG_541_CPAL	hd_piratez	0	1	0	
ui	Blackmarch_CPAL	hd_piratez	0	1	0	
ui	BlimpPed	hd_piratez	0	1	0	
ui	BLITZGAL	hd_piratez	0	1	0	
ui	Blood_Gal_CPAL	hd_piratez	0	1	0	
ui	BloodDogPed	hd_piratez	0	1	0	
ui	Bloodstar	hd_piratez	0	1	0	
ui	BloodVines_FG_376_CPAL	hd_piratez	0	1	0	
ui	BloomLady_CakeEater_FG_417_CPAL	hd_piratez	0	1	0	
ui	BloomLady_CrawlMovement_FG_544_CPAL	hd_piratez	0	1	0	
ui	BloomLady_FG_418_CPAL	hd_piratez	0	1	0	
ui	BloomLady_FG_419_CPAL	hd_piratez	0	1	0	
ui	BloomLady_FG_420_CPAL	hd_piratez	0	1	0	
ui	BloomLady_IntroA_FG_356_CPAL	hd_piratez	0	1	0	
ui	BloomLady_IntroA_FG_361_CPAL	hd_piratez	0	1	0	
ui	Blue_Witch_AI1_CPAL	hd_piratez	0	1	0	
ui	BlueShield_FG_419_CPAL	hd_piratez	0	1	0	
ui	BlueWitch_FG_32_CPAL	hd_piratez	0	1	0	
ui	Body_Mind_Soul	hd_piratez	0	1	0	
ui	Bollz_CPAL	hd_piratez	0	1	0	
ui	BOMBER	hd_piratez	0	1	0	
ui	Bombs	hd_piratez	0	1	0	
ui	Book_Keeper	hd_piratez	0	1	0	
ui	Bookworm_Blonde_FG_67_CPAL	hd_piratez	0	1	0	
ui	BoomosaurPed	hd_piratez	0	1	0	
ui	BootCamp_Marza1_CPAL	hd_piratez	0	1	0	
ui	Booty_HUM	hd_piratez	0	1	0	
ui	Booty_RET	hd_piratez	0	1	0	
ui	Booty_SCI	hd_piratez	0	1	0	
ui	Booty_SPT_CPAL	hd_piratez	0	1	0	
ui	BossGal_FG_102_CPAL	hd_piratez	0	1	0	
ui	BountyHuntress	hd_piratez	0	1	0	
ui	Boxxed	hd_piratez	0	1	0	
ui	Boxxed2	hd_piratez	0	1	0	
ui	Brain_In_A_Jar	hd_piratez	0	1	0	
ui	Brain_Machine_CPAL	hd_piratez	0	1	0	
ui	Brainer_4_CPAL	hd_piratez	0	1	0	
ui	Brainer_5	hd_piratez	0	1	0	
ui	Brainer_6	hd_piratez	0	1	0	
ui	Brainer_Portal_CPAL	hd_piratez	0	1	0	
ui	Brainer_Ritsuko	hd_piratez	0	1	0	
ui	Brainer_Ritsuko_Pinup	hd_piratez	0	1	0	
ui	Brainer_Work01	hd_piratez	0	1	0	
ui	Brainers_FG_324_CPAL	hd_piratez	0	1	0	
ui	BRIDE	hd_piratez	0	1	0	
ui	Briefing_Terminal_Terror	hd_piratez	0	1	0	
ui	Brivade_CPAL	hd_piratez	0	1	0	
ui	BUCCANEER	hd_piratez	0	1	0	
ui	Bugeyes	hd_piratez	0	1	0	
ui	BULWARK	hd_piratez	0	1	0	
ui	BunkerDoor	hd_piratez	0	1	0	
ui	Burning_Suns	hd_piratez	0	1	0	
ui	C_001_CPAL	hd_piratez	0	1	0	
ui	C_002_CPAL	hd_piratez	0	1	0	
ui	C_003_CPAL	hd_piratez	0	1	0	
ui	C_004	hd_piratez	0	1	0	
ui	C_005	hd_piratez	0	1	0	
ui	C_006_CPAL	hd_piratez	0	1	0	
ui	C_007_CPAL	hd_piratez	0	1	0	
ui	C_008_CPAL	hd_piratez	0	1	0	
ui	C_009_CPAL	hd_piratez	0	1	0	
ui	C_010_CPAL	hd_piratez	0	1	0	
ui	C_011_CPAL	hd_piratez	0	1	0	
ui	C_012_CPAL	hd_piratez	0	1	0	
ui	C_013_CPAL	hd_piratez	0	1	0	
ui	C_014_CPAL	hd_piratez	0	1	0	
ui	C_015_CPAL	hd_piratez	0	1	0	
ui	C_016_CPAL	hd_piratez	0	1	0	
ui	C_017_CPAL	hd_piratez	0	1	0	
ui	C_018_CPAL	hd_piratez	0	1	0	
ui	C_019_CPAL	hd_piratez	0	1	0	
ui	C_020_CPAL	hd_piratez	0	1	0	
ui	C_021_CPAL	hd_piratez	0	1	0	
ui	C_022_CPAL	hd_piratez	0	1	0	
ui	C_023_CPAL	hd_piratez	0	1	0	
ui	C_024	hd_piratez	0	1	0	
ui	C_025	hd_piratez	0	1	0	
ui	C_026_CPAL	hd_piratez	0	1	0	
ui	C_027_CPAL	hd_piratez	0	1	0	
ui	C_028_CPAL	hd_piratez	0	1	0	
ui	C_029_CPAL	hd_piratez	0	1	0	
ui	C_030_CPAL	hd_piratez	0	1	0	
ui	C_031_CPAL	hd_piratez	0	1	0	
ui	C_032_CPAL	hd_piratez	0	1	0	
ui	C_033_CPAL	hd_piratez	0	1	0	
ui	C_034	hd_piratez	0	1	0	
ui	C_035_CPAL	hd_piratez	0	1	0	
ui	C_036_CPAL	hd_piratez	0	1	0	
ui	C_037	hd_piratez	0	1	0	
ui	C_038	hd_piratez	0	1	0	
ui	C_039_CPAL	hd_piratez	0	1	0	
ui	C_040_CPAL	hd_piratez	0	1	0	
ui	C_041_CPAL	hd_piratez	0	1	0	
ui	C_042	hd_piratez	0	1	0	
ui	C_043_CPAL	hd_piratez	0	1	0	
ui	C_044_CPAL	hd_piratez	0	1	0	
ui	C_045_CPAL	hd_piratez	0	1	0	
ui	C_046_CPAL	hd_piratez	0	1	0	
ui	C_047	hd_piratez	0	1	0	
ui	C_048	hd_piratez	0	1	0	
ui	C_049	hd_piratez	0	1	0	
ui	C_050	hd_piratez	0	1	0	
ui	C_051	hd_piratez	0	1	0	
ui	C_052_CPAL	hd_piratez	0	1	0	
ui	C_053	hd_piratez	0	1	0	
ui	C_054	hd_piratez	0	1	0	
ui	C_055_CPAL	hd_piratez	0	1	0	
ui	C_056_CPAL	hd_piratez	0	1	0	
ui	C_057	hd_piratez	0	1	0	
ui	C_058_CPAL	hd_piratez	0	1	0	
ui	C_059_CPAL	hd_piratez	0	1	0	
ui	C_060_CPAL	hd_piratez	0	1	0	
ui	C_061_CPAL	hd_piratez	0	1	0	
ui	C_062_CPAL	hd_piratez	0	1	0	
ui	C_063	hd_piratez	0	1	0	
ui	C_064_CPAL	hd_piratez	0	1	0	
ui	C_065	hd_piratez	0	1	0	
ui	C_066	hd_piratez	0	1	0	
ui	C_067	hd_piratez	0	1	0	
ui	C_068_CPAL	hd_piratez	0	1	0	
ui	C_069	hd_piratez	0	1	0	
ui	C_070_CPAL	hd_piratez	0	1	0	
ui	C_071_CPAL	hd_piratez	0	1	0	
ui	C_072_CPAL	hd_piratez	0	1	0	
ui	C_073_CPAL	hd_piratez	0	1	0	
ui	C_074_CPAL	hd_piratez	0	1	0	
ui	C_075_CPAL	hd_piratez	0	1	0	
ui	C_076_CPAL	hd_piratez	0	1	0	
ui	C_077	hd_piratez	0	1	0	
ui	C_078_CPAL	hd_piratez	0	1	0	
ui	C_079_CPAL	hd_piratez	0	1	0	
ui	C_080_CPAL	hd_piratez	0	1	0	
ui	C_081_CPAL	hd_piratez	0	1	0	
ui	C_082	hd_piratez	0	1	0	
ui	C_083	hd_piratez	0	1	0	
ui	C_084_CPAL	hd_piratez	0	1	0	
ui	C_085_CPAL	hd_piratez	0	1	0	
ui	C_086	hd_piratez	0	1	0	
ui	C_087_CPAL	hd_piratez	0	1	0	
ui	C_088	hd_piratez	0	1	0	
ui	C_089	hd_piratez	0	1	0	
ui	C_090	hd_piratez	0	1	0	
ui	C_091	hd_piratez	0	1	0	
ui	C_092_CPAL	hd_piratez	0	1	0	
ui	C_093_CPAL	hd_piratez	0	1	0	
ui	C_094	hd_piratez	0	1	0	
ui	C_095	hd_piratez	0	1	0	
ui	C_096_CPAL	hd_piratez	0	1	0	
ui	C_097_CPAL	hd_piratez	0	1	0	
ui	C_098_CPAL	hd_piratez	0	1	0	
ui	C_099	hd_piratez	0	1	0	
ui	C_100_CPAL	hd_piratez	0	1	0	
ui	C_101_CPAL	hd_piratez	0	1	0	
ui	C_102	hd_piratez	0	1	0	
ui	C_103_CPAL	hd_piratez	0	1	0	
ui	C_104	hd_piratez	0	1	0	
ui	C_105	hd_piratez	0	1	0	
ui	C_106	hd_piratez	0	1	0	
ui	C_107	hd_piratez	0	1	0	
ui	C_108	hd_piratez	0	1	0	
ui	C_109	hd_piratez	0	1	0	
ui	C_110	hd_piratez	0	1	0	
ui	C_111	hd_piratez	0	1	0	
ui	C_112	hd_piratez	0	1	0	
ui	C_113	hd_piratez	0	1	0	
ui	C_114_CPAL	hd_piratez	0	1	0	
ui	C_115_CPAL	hd_piratez	0	1	0	
ui	C_116_CPAL	hd_piratez	0	1	0	
ui	C_117	hd_piratez	0	1	0	
ui	C_118	hd_piratez	0	1	0	
ui	C_119	hd_piratez	0	1	0	
ui	C_120_CPAL	hd_piratez	0	1	0	
ui	C_121	hd_piratez	0	1	0	
ui	C_122_CPAL	hd_piratez	0	1	0	
ui	C_123	hd_piratez	0	1	0	
ui	C_124_CPAL	hd_piratez	0	1	0	
ui	C_125	hd_piratez	0	1	0	
ui	C_126_CPAL	hd_piratez	0	1	0	
ui	C_127	hd_piratez	0	1	0	
ui	C_128	hd_piratez	0	1	0	
ui	C_129	hd_piratez	0	1	0	
ui	C_130	hd_piratez	0	1	0	
ui	C_131_CPAL	hd_piratez	0	1	0	
ui	C_132	hd_piratez	0	1	0	
ui	C_133_CPAL	hd_piratez	0	1	0	
ui	C_134	hd_piratez	0	1	0	
ui	C_135_CPAL	hd_piratez	0	1	0	
ui	C_136_CPAL	hd_piratez	0	1	0	
ui	C_137_CPAL	hd_piratez	0	1	0	
ui	C_138_CPAL	hd_piratez	0	1	0	
ui	C_139_CPAL	hd_piratez	0	1	0	
ui	C_140_CPAL	hd_piratez	0	1	0	
ui	C_141	hd_piratez	0	1	0	
ui	C_142	hd_piratez	0	1	0	
ui	C_143_CPAL	hd_piratez	0	1	0	
ui	C_144	hd_piratez	0	1	0	
ui	C_145	hd_piratez	0	1	0	
ui	C_146_CPAL	hd_piratez	0	1	0	
ui	C_147	hd_piratez	0	1	0	
ui	C_148	hd_piratez	0	1	0	
ui	C_149_CPAL	hd_piratez	0	1	0	
ui	C_150	hd_piratez	0	1	0	
ui	C_151	hd_piratez	0	1	0	
ui	C_152_CPAL	hd_piratez	0	1	0	
ui	C_153_CPAL	hd_piratez	0	1	0	
ui	C_154	hd_piratez	0	1	0	
ui	C_155	hd_piratez	0	1	0	
ui	C_156	hd_piratez	0	1	0	
ui	C_157_CPAL	hd_piratez	0	1	0	
ui	C_158_CPAL	hd_piratez	0	1	0	
ui	C_159_CPAL	hd_piratez	0	1	0	
ui	C_160	hd_piratez	0	1	0	
ui	C_161	hd_piratez	0	1	0	
ui	C_162_CPAL	hd_piratez	0	1	0	
ui	C_163_CPAL	hd_piratez	0	1	0	
ui	C_199	hd_piratez	0	1	0	
ui	C_X35_CPAL	hd_piratez	0	1	0	
ui	CA_1	hd_piratez	0	1	0	
ui	CA_11_CPAL	hd_piratez	0	1	0	
ui	CA_13_CPAL	hd_piratez	0	1	0	
ui	CA_14	hd_piratez	0	1	0	
ui	CA_16	hd_piratez	0	1	0	
ui	CA_17_CPAL	hd_piratez	0	1	0	
ui	CA_19	hd_piratez	0	1	0	
ui	CA_29_CPAL	hd_piratez	0	1	0	
ui	CA_2_CPAL	hd_piratez	0	1	0	
ui	CA_3_CPAL	hd_piratez	0	1	0	
ui	CA_573_CPAL	hd_piratez	0	1	0	
ui	CA_5_CPAL	hd_piratez	0	1	0	
ui	CA_6	hd_piratez	0	1	0	
ui	CA_8	hd_piratez	0	1	0	
ui	CA_9	hd_piratez	0	1	0	
ui	CA_Airbus_G_CPAL	hd_piratez	0	1	0	
ui	CA_Airtruck	hd_piratez	0	1	0	
ui	CA_Baloon_CPAL	hd_piratez	0	1	0	
ui	CA_BlackWidow_CPAL	hd_piratez	0	1	0	
ui	CA_BUS2	hd_piratez	0	1	0	
ui	CA_Faust	hd_piratez	0	1	0	
ui	CA_GOLDHAWK_CPAL	hd_piratez	0	1	0	
ui	CA_Harvester	hd_piratez	0	1	0	
ui	CA_HUEY	hd_piratez	0	1	0	
ui	CA_JET	hd_piratez	0	1	0	
ui	CA_JET2	hd_piratez	0	1	0	
ui	CA_Necro1	hd_piratez	0	1	0	
ui	CA_RedBaron_CPAL	hd_piratez	0	1	0	
ui	CA_SHADOW	hd_piratez	0	1	0	
ui	CA_Spitfire	hd_piratez	0	1	0	
ui	CA_Thunderbird	hd_piratez	0	1	0	
ui	CA_Warbike_CPAL	hd_piratez	0	1	0	
ui	Cadillac_El_Dorado	hd_piratez	0	1	0	
ui	Camo2	hd_piratez	0	1	0	
ui	CAMPAIGN_RIBBON	hd_piratez	0	1	0	
ui	Campus_69_CPAL	hd_piratez	0	1	0	
ui	Cannoneer2_CPAL	hd_piratez	0	1	0	
ui	CANNONKILL	hd_piratez	0	1	0	
ui	Canny_Queen	hd_piratez	0	1	0	
ui	Canny_Ritual	hd_piratez	0	1	0	
ui	Captain_Doblegold_CPAL	hd_piratez	0	1	0	
ui	Captain_Doublegray_CPAL	hd_piratez	0	1	0	
ui	Captain_Doublegreen_CPAL	hd_piratez	0	1	0	
ui	Captain_Doublered_CPAL	hd_piratez	0	1	0	
ui	Captain_GoldExt_CPAL	hd_piratez	0	1	0	
ui	Captain_GoldGreen_CPAL	hd_piratez	0	1	0	
ui	Captain_GoldGreenOnly_CPAL	hd_piratez	0	1	0	
ui	Captain_GoldNoGray_CPAL	hd_piratez	0	1	0	
ui	Captain_GoldNoGreen_CPAL	hd_piratez	0	1	0	
ui	Captain_GrayExt_CPAL	hd_piratez	0	1	0	
ui	Captain_GrayGold_CPAL	hd_piratez	0	1	0	
ui	Captain_GrayGoldOnly_CPAL	hd_piratez	0	1	0	
ui	Captain_GrayGreen	hd_piratez	0	1	0	
ui	Captain_GrayGreenOnly_CPAL	hd_piratez	0	1	0	
ui	Captain_GrayNoGold	hd_piratez	0	1	0	
ui	Captain_GrayNoRed_CPAL	hd_piratez	0	1	0	
ui	Captain_GreenExt_CPAL	hd_piratez	0	1	0	
ui	Captain_GreenNoGold_CPAL	hd_piratez	0	1	0	
ui	Captain_GreenNoRed_CPAL	hd_piratez	0	1	0	
ui	Captain_NoGold_CPAL	hd_piratez	0	1	0	
ui	Captain_NoGray_CPAL	hd_piratez	0	1	0	
ui	Captain_NoGreen	hd_piratez	0	1	0	
ui	Captain_NoRed_CPAL	hd_piratez	0	1	0	
ui	Captain_RedExt	hd_piratez	0	1	0	
ui	Captain_Redgold_CPAL	hd_piratez	0	1	0	
ui	Captain_RedGoldOnly_CPAL	hd_piratez	0	1	0	
ui	Captain_RedGray_CPAL	hd_piratez	0	1	0	
ui	Captain_RedGray_Only_CPAL	hd_piratez	0	1	0	
ui	Captain_RedGreen	hd_piratez	0	1	0	
ui	Captain_RedGreen_Only	hd_piratez	0	1	0	
ui	Captain_RedNoGray	hd_piratez	0	1	0	
ui	Captain_RedNoGreen_CPAL	hd_piratez	0	1	0	
ui	Captaine_Gold_CPAL	hd_piratez	0	1	0	
ui	Captaine_Gray_CPAL	hd_piratez	0	1	0	
ui	Captaine_Red_CPAL	hd_piratez	0	1	0	
ui	CaptainRank01_FG_342_CPAL	hd_piratez	0	1	0	
ui	CaptainRank02_Marza1b_CPAL	hd_piratez	0	1	0	
ui	CAPTAINS_11_CPAL	hd_piratez	0	1	0	
ui	Carol	hd_piratez	0	1	0	
ui	CARREER_CAPTURES_CPAL	hd_piratez	0	1	0	
ui	CARREER_KILLS	hd_piratez	0	1	0	
ui	CARREER_MISSIONS	hd_piratez	0	1	0	
ui	CARREER_SCORE	hd_piratez	0	1	0	
ui	Cast_Into_Hell	hd_piratez	0	1	0	
ui	Castaway_CPAL	hd_piratez	0	1	0	
ui	Cat_Clone_Tech_CPAL	hd_piratez	0	1	0	
ui	Cat_Nun_Warrior_CPAL	hd_piratez	0	1	0	
ui	Cat_Secret_Order	hd_piratez	0	1	0	
ui	Cat_Tourist_CPAL	hd_piratez	0	1	0	
ui	Cat_War_Poster	hd_piratez	0	1	0	
ui	Catgirl01	hd_piratez	0	1	0	
ui	Catgirl_Lewd	hd_piratez	0	1	0	
ui	Catgirl_Mercenary	hd_piratez	0	1	0	
ui	Catgirl_Pirates	hd_piratez	0	1	0	
ui	Catgirl_Space	hd_piratez	0	1	0	
ui	Catgirl_Victim	hd_piratez	0	1	0	
ui	Cats	hd_piratez	0	1	0	
ui	Catwarrior2	hd_piratez	0	1	0	
ui	Cave1	hd_piratez	0	1	0	
ui	Cave_Anomaly	hd_piratez	0	1	0	
ui	CavernHuntining_FG_49_CPAL	hd_piratez	0	1	0	
ui	Cemetery_FG_248_CPAL	hd_piratez	0	1	0	
ui	CENOBITE	hd_piratez	0	1	0	
ui	Cerebrala	hd_piratez	0	1	0	
ui	Chaos_Saint_CPAL	hd_piratez	0	1	0	
ui	ChaosSyn	hd_piratez	0	1	0	
ui	CHAPLAIN	hd_piratez	0	1	0	
ui	CHARMY_DANCER	hd_piratez	0	1	0	
ui	Chem_Ped	hd_piratez	0	1	0	
ui	ChemicAI1_CPAL	hd_piratez	0	1	0	
ui	Chemical_FG_441_CPAL	hd_piratez	0	1	0	
ui	CHEMKILL	hd_piratez	0	1	0	
ui	Chort_2	hd_piratez	0	1	0	
ui	Chort_CPAL	hd_piratez	0	1	0	
ui	ChronoGirl_CPAL	hd_piratez	0	1	0	
ui	Chryssie_2	hd_piratez	0	1	0	
ui	Chton1	hd_piratez	0	1	0	
ui	Cigar_Gal_CPAL	hd_piratez	0	1	0	
ui	City_Infiltration_CPAL	hd_piratez	0	1	0	
ui	CIV_KILLS	hd_piratez	0	1	0	
ui	Civilian_Traffic	hd_piratez	0	1	0	
ui	Classic_Fleet_CPAL	hd_piratez	0	1	0	
ui	Cleo_5_CPAL	hd_piratez	0	1	0	
ui	Cleo_Cosmic	hd_piratez	0	1	0	
ui	Cleopatra_Choice_FG_45_CPAL	hd_piratez	0	1	0	
ui	CleoStatue_CPAL	hd_piratez	0	1	0	
ui	CLONETROOPER	hd_piratez	0	1	0	
ui	Cloning_FG_754_CPAL	hd_piratez	0	1	0	
ui	Clown_Party	hd_piratez	0	1	0	
ui	Codex_Choice2	hd_piratez	0	1	0	
ui	CodexBlue_FG_475_CPAL	hd_piratez	0	1	0	
ui	CodexGold_FG_413_CPAL	hd_piratez	0	1	0	
ui	CodexGreen_FG_435_CPAL	hd_piratez	0	1	0	
ui	CodexRed_FG_455_CPAL	hd_piratez	0	1	0	
ui	CombatGirls	hd_piratez	0	1	0	
ui	Comet	hd_piratez	0	1	0	
ui	Command_Control	hd_piratez	0	1	0	
ui	Commando2_CPAL	hd_piratez	0	1	0	
ui	Concealed	hd_piratez	0	1	0	
ui	CONDEMNED2_CPAL	hd_piratez	0	1	0	
ui	Conjuring_CPAL	hd_piratez	0	1	0	
ui	Conqueror_CPAL	hd_piratez	0	1	0	
ui	Contact_Eurosyndicate	hd_piratez	0	1	0	
ui	Contact_Fuso	hd_piratez	0	1	0	
ui	Control_Panel	hd_piratez	0	1	0	
ui	CouncilAppears	hd_shared?	1	0	0	
ui	Cowgirl_CPAL	hd_piratez	0	1	0	
ui	CraftMissilesPed	hd_piratez	0	1	0	
ui	Crashland_CPAL	hd_piratez	0	1	0	
ui	Crazy_Hassan	hd_shared?	1	0	0	
ui	CrimeLord_FG_353_CPAL	hd_piratez	0	1	0	
ui	CRIMSON_HEART	hd_piratez	0	1	0	
ui	CRIMSON_MAGOS_CPAL	hd_piratez	0	1	0	
ui	Crusade2	hd_piratez	0	1	0	
ui	Crusader2	hd_piratez	0	1	0	
ui	Crusades	hd_piratez	0	1	0	
ui	CryogirlX_CPAL	hd_piratez	0	1	0	
ui	Crypt	hd_piratez	0	1	0	
ui	CryptRabbit_CPAL	hd_piratez	0	1	0	
ui	Cthulhu_Sacrifice_3_CPAL	hd_piratez	0	1	0	
ui	Cthulhu_Temple	hd_piratez	0	1	0	
ui	Cult_Of_Apocalypse	hd_piratez	0	1	0	
ui	Cute_Sexy_Killbot	hd_piratez	0	1	0	
ui	Cyber_Lessons_CPAL	hd_piratez	0	1	0	
ui	Cyber_Lockpick_CPAL	hd_piratez	0	1	0	
ui	Cyber_Towers_CPAL	hd_piratez	0	1	0	
ui	Cyber_Warrior2_CPAL	hd_piratez	0	1	0	
ui	Cybercity	hd_piratez	0	1	0	
ui	Cyberdoll_CPAL	hd_piratez	0	1	0	
ui	Cyberhead_CPAL	hd_piratez	0	1	0	
ui	Cyberpilot1	hd_piratez	0	1	0	
ui	CyberpunkFlying_CPAL	hd_piratez	0	1	0	
ui	Cybogal_CPAL	hd_piratez	0	1	0	
ui	CyclopsPed	hd_piratez	0	1	0	
ui	Damaged	hd_piratez	0	1	0	
ui	Damsel_Grok_70_CPAL	hd_piratez	0	1	0	
ui	Dancer2_CPAL	hd_piratez	0	1	0	
ui	Dark_Chamber	hd_piratez	0	1	0	
ui	Dark_Chamber_2	hd_piratez	0	1	0	
ui	DARKLING_CPAL	hd_piratez	0	1	0	
ui	DarkStar_FG_154_CPAL	hd_piratez	0	1	0	
ui	DayWitch_FG_36_CPAL	hd_piratez	0	1	0	
ui	Dazzling_Harem	hd_piratez	0	1	0	
ui	DBLKILL	hd_piratez	0	1	0	
ui	Death_Angel_CPAL	hd_piratez	0	1	0	
ui	Death_Pile	hd_piratez	0	1	0	
ui	Death_Race	hd_piratez	0	1	0	
ui	Death_Realm	hd_piratez	0	1	0	
ui	Death_Realm_2	hd_piratez	0	1	0	
ui	DeathMogul_FG_301_CPAL	hd_piratez	0	1	0	
ui	DEATHSCENE_1_CPAL	hd_piratez	0	1	0	
ui	DeathWitch_FG_34_CPAL	hd_piratez	0	1	0	
ui	Deep_One_Extra_CPAL	hd_piratez	0	1	0	
ui	Deep_One_Love_CPAL	hd_piratez	0	1	0	
ui	Deep_Ones	hd_piratez	0	1	0	
ui	DeepOneDestroyer_FG_44_CPAL	hd_piratez	0	1	0	
ui	DeepOnePed_CPAL	hd_piratez	0	1	0	
ui	Defenders_Of_Humanity	hd_piratez	0	1	0	
ui	Delorean	hd_piratez	0	1	0	
ui	Delorean_Mission	hd_piratez	0	1	0	
ui	Demon_Ninja	hd_piratez	0	1	0	
ui	Demonic_Bondage	hd_piratez	0	1	0	
ui	Demonic_Rituals_3_CPAL	hd_piratez	0	1	0	
ui	Demonic_Transformation	hd_piratez	0	1	0	
ui	Desert	hd_piratez	0	1	0	
ui	DesertFort_CPAL	hd_piratez	0	1	0	
ui	DesertIntro_FG_375_CPAL	hd_piratez	0	1	0	
ui	Destroyer3_CPAL	hd_piratez	0	1	0	
ui	Destruction	hd_piratez	0	1	0	
ui	DESTRUCTOR	hd_piratez	0	1	0	
ui	Devastator_Ped	hd_piratez	0	1	0	
ui	Devil_2	hd_piratez	0	1	0	
ui	DIMENSION	hd_piratez	0	1	0	
ui	Diner_CPAL	hd_piratez	0	1	0	
ui	DisruptorMysticism_FG_374_CPAL	hd_piratez	0	1	0	
ui	DIVER	hd_piratez	0	1	0	
ui	DivineCode_FG_512_CPAL	hd_piratez	0	1	0	
ui	Dominance_CPAL	hd_piratez	0	1	0	
ui	DoomChan2_CPAL	hd_piratez	0	1	0	
ui	Doomgal_P30_CPAL	hd_piratez	0	1	0	
ui	Doomslayer	hd_piratez	0	1	0	
ui	Dope	hd_piratez	0	1	0	
ui	DOTS	hd_piratez	0	1	0	
ui	Dragon_Galley	hd_piratez	0	1	0	
ui	DragonCalling	hd_piratez	0	1	0	
ui	Dreadlands_FG_69_CPAL	hd_piratez	0	1	0	
ui	Dream10	hd_piratez	0	1	0	
ui	Dream16B_CPAL	hd_piratez	0	1	0	
ui	Dream19	hd_piratez	0	1	0	
ui	Dream23	hd_piratez	0	1	0	
ui	Dream4	hd_piratez	0	1	0	
ui	Dream5	hd_piratez	0	1	0	
ui	Dream6_CPAL	hd_piratez	0	1	0	
ui	Dream8_CPAL	hd_piratez	0	1	0	
ui	Dream9	hd_piratez	0	1	0	
ui	Dream_Quest2	hd_piratez	0	1	0	
ui	Dreamlands_Blx1	hd_piratez	0	1	0	
ui	Dreamwave_CPAL	hd_piratez	0	1	0	
ui	DRESSUP	hd_piratez	0	1	0	
ui	DrillQuestion_FG_123_CPAL	hd_piratez	0	1	0	
ui	Dropship_CPAL	hd_piratez	0	1	0	
ui	DRUUNA_1_CPAL	hd_piratez	0	1	0	
ui	Dungeon_Sword	hd_piratez	0	1	0	
ui	Durathread_FG_407_CPAL	hd_piratez	0	1	0	
ui	Durathread_FG_602_CPAL	hd_piratez	0	1	0	
ui	Egypt_Ancient	hd_piratez	0	1	0	
ui	Electricity	hd_piratez	0	1	0	
ui	ELECTROKILL	hd_piratez	0	1	0	
ui	Elemental_Endurance	hd_piratez	0	1	0	
ui	Elevator_To_Hell_CPAL	hd_piratez	0	1	0	
ui	ElevatorShaft_FG_340_CPAL	hd_piratez	0	1	0	
ui	Emperor1	hd_piratez	0	1	0	
ui	Emperor2_CPAL	hd_piratez	0	1	0	
ui	Empress1_CPAL	hd_piratez	0	1	0	
ui	EnergyCircuits_FG_361_CPAL	hd_piratez	0	1	0	
ui	Enslaved	hd_piratez	0	1	0	
ui	EP_Ammo_Ped	hd_piratez	0	1	0	
ui	EquipmentList_FG_134_CPAL	hd_piratez	0	1	0	
ui	Eridian_Elites	hd_piratez	0	1	0	
ui	Eris	hd_piratez	0	1	0	
ui	Escape_From_Hell_2_CPAL	hd_piratez	0	1	0	
ui	EternalSunset_FG_501_CPAL	hd_piratez	0	1	0	
ui	Ethereal_Female	hd_piratez	0	1	0	
ui	EVA_2	hd_piratez	0	1	0	
ui	Evil_Grass	hd_piratez	0	1	0	
ui	Ex_Victim	hd_piratez	0	1	0	
ui	Ex_Victim_2_CPAL	hd_piratez	0	1	0	
ui	EXECUTIONER_CPAL	hd_piratez	0	1	0	
ui	Exotic_Places	hd_piratez	0	1	0	
ui	Expeditions_Recon_CPAL	hd_piratez	0	1	0	
ui	Experiments_22	hd_piratez	0	1	0	
ui	ExploringTunnels_FG_345	hd_piratez	0	1	0	
ui	ExplosivesPed	hd_piratez	0	1	0	
ui	Exposure2	hd_piratez	0	1	0	
ui	Factory	hd_piratez	0	1	0	
ui	FALLEN	hd_piratez	0	1	0	
ui	FALLEN2	hd_piratez	0	1	0	
ui	Farmgirls	hd_piratez	0	1	0	
ui	Fatsub_Ped	hd_piratez	0	1	0	
ui	Feudalism_New_CPAL	hd_piratez	0	1	0	
ui	FighterJetHangar_FG_83_CPAL	hd_piratez	0	1	0	
ui	Fire_Magic2	hd_piratez	0	1	0	
ui	FIREARMS11_CPAL	hd_piratez	0	1	0	
ui	FIREKILL	hd_piratez	0	1	0	
ui	FireWitch_FG_64_CPAL	hd_piratez	0	1	0	
ui	Flintlocks_Ped_CPAL	hd_piratez	0	1	0	
ui	Floater	hd_piratez	0	1	0	
ui	floorburnindicator	hd_piratez	0	1	0	no Piratez image
ui	floorshockindicator	hd_piratez	0	1	0	no Piratez image
ui	floorstunindicator	hd_piratez	0	1	0	no Piratez image
ui	floorwoundindicator	hd_piratez	0	1	0	no Piratez image
ui	FluxAI_GoldenPrince_CPAL	hd_piratez	0	1	0	
ui	Flying_Cars_CPAL	hd_piratez	0	1	0	
ui	Freed	hd_piratez	0	1	0	
ui	FRIENDLYFIRE_CPAL	hd_piratez	0	1	0	
ui	Fundamentals_CPAL	hd_piratez	0	1	0	
ui	Fungus_Adaptation	hd_piratez	0	1	0	
ui	FUSION	hd_piratez	0	1	0	
ui	Fuso_armor	hd_piratez	0	1	0	
ui	Gadgeteer_CPAL	hd_piratez	0	1	0	
ui	Gal	hd_piratez	0	1	0	
ui	Galactic_Society	hd_piratez	0	1	0	
ui	Galaxy_Ped	hd_piratez	0	1	0	
ui	Gambling_CPAL	hd_piratez	0	1	0	
ui	Gambling_FG_704_CPAL	hd_piratez	0	1	0	
ui	Gauss_Basic_Ped	hd_piratez	0	1	0	
ui	GDX006_4_CPAL	hd_piratez	0	1	0	
ui	GDX_008_CPAL	hd_piratez	0	1	0	
ui	GDX_87	hd_piratez	0	1	0	
ui	GDX_Blood1	hd_piratez	0	1	0	
ui	GDX_FG_Cauldron_CPAL	hd_piratez	0	1	0	
ui	GDX_FG_Interrog2_Cut_CPAL	hd_piratez	0	1	0	
ui	GDX_FG_MilkMaid_CPAL	hd_piratez	0	1	0	
ui	GDX_FG_Torment1_CPAL	hd_piratez	0	1	0	
ui	GDX_Haydee23_CPAL	hd_piratez	0	1	0	
ui	GDX_Inventions2_CPAL	hd_piratez	0	1	0	
ui	GDX_Out	hd_piratez	0	1	0	
ui	GDX_Porn	hd_piratez	0	1	0	
ui	GDX_powered	hd_piratez	0	1	0	
ui	GDX_Prison2_CPAL	hd_piratez	0	1	0	
ui	GDX_Sci_CPAL	hd_piratez	0	1	0	
ui	GDX_Singer_CPAL	hd_piratez	0	1	0	
ui	GDX_Strip_Search_CPAL	hd_piratez	0	1	0	
ui	GDX_Tharj_CPAL	hd_piratez	0	1	0	
ui	GDX_Tron2	hd_piratez	0	1	0	
ui	GDX_Vampy_342_CPAL	hd_piratez	0	1	0	
ui	Gears_CPAL	hd_piratez	0	1	0	
ui	Genetics_Ped	hd_piratez	0	1	0	
ui	German_Lessons	hd_piratez	0	1	0	
ui	Ghoul_Experiments	hd_piratez	0	1	0	
ui	Ghoul_Girl	hd_piratez	0	1	0	
ui	Girl_Guide_FG_511_CPAL	hd_piratez	0	1	0	
ui	Girl_Red_CPAL	hd_piratez	0	1	0	
ui	Girl_Snake_CPAL	hd_piratez	0	1	0	
ui	Glittergirls_CPAL	hd_piratez	0	1	0	
ui	GLOBETROTTER	hd_piratez	0	1	0	
ui	Glowing_Pyramid	hd_piratez	0	1	0	
ui	Gnome435_CPAL	hd_piratez	0	1	0	
ui	Gnome_13	hd_piratez	0	1	0	
ui	Gnome_16B	hd_piratez	0	1	0	
ui	Gnome_28	hd_piratez	0	1	0	
ui	Gnome_3_CPAL	hd_piratez	0	1	0	
ui	Gnome_5_CPAL	hd_piratez	0	1	0	
ui	Gnome_6_CPAL	hd_piratez	0	1	0	
ui	Gnome_7_CPAL	hd_piratez	0	1	0	
ui	Gnome_AI_2_CPAL	hd_piratez	0	1	0	
ui	Gnome_AI_4_CPAL	hd_piratez	0	1	0	
ui	Gnome_Bait2_CPAL	hd_piratez	0	1	0	
ui	Gnome_Bunny_Armor_CPAL	hd_piratez	0	1	0	
ui	Gnome_Clock2_CPAL	hd_piratez	0	1	0	
ui	Gnome_Demonslayer_CPAL	hd_piratez	0	1	0	
ui	Gnome_Dungeon_Tour_CPAL	hd_piratez	0	1	0	
ui	Gnome_Explorer_CPAL	hd_piratez	0	1	0	
ui	Gnome_Firestarter_CPAL	hd_piratez	0	1	0	
ui	Gnome_Museum	hd_piratez	0	1	0	
ui	Gnome_Nude_197_CPAL	hd_piratez	0	1	0	
ui	Gnome_Pod_CPAL	hd_piratez	0	1	0	
ui	Gnome_Portrait_CPAL	hd_piratez	0	1	0	
ui	Gnome_Scare	hd_piratez	0	1	0	
ui	Gnome_Tunnel_CPAL	hd_piratez	0	1	0	
ui	GnomeInterrog_FG_40_CPAL	hd_piratez	0	1	0	
ui	GnomeLair_FG_478_CPAL	hd_piratez	0	1	0	
ui	GnomeMil_FG_44_CPAL	hd_piratez	0	1	0	
ui	GnomeSuitCross_FG_373_CPAL	hd_piratez	0	1	0	
ui	GnomishAppleponics	hd_piratez	0	1	0	
ui	Goblin_Zaxx	hd_piratez	0	1	0	
ui	Godslayer	hd_piratez	0	1	0	
ui	Gold 21_CPAL	hd_piratez	0	1	0	
ui	Golden_Apple_CPAL	hd_piratez	0	1	0	
ui	Golden_Guns4_CPAL	hd_piratez	0	1	0	
ui	Golden_Lady_AI_CPAL	hd_piratez	0	1	0	
ui	Golden_Peasant	hd_piratez	0	1	0	
ui	Golden_Prince_AI1_CPAL	hd_piratez	0	1	0	
ui	Golden_Witch_Big3_CPAL	hd_piratez	0	1	0	
ui	GoldenCrack_Marza1_CPAL	hd_piratez	0	1	0	
ui	GoldenShield_FG_441_CPAL	hd_piratez	0	1	0	
ui	GoodGalBadGal	hd_piratez	0	1	0	
ui	Gork_and_Mork	hd_piratez	0	1	0	
ui	Govt_Files	hd_piratez	0	1	0	
ui	Govt_War	hd_piratez	0	1	0	
ui	Gravball	hd_piratez	0	1	0	
ui	GreatBase	hd_piratez	0	1	0	
ui	Green_Armor_CPAL	hd_piratez	0	1	0	
ui	GREEN_MAGOS_CPAL	hd_piratez	0	1	0	
ui	Green_Pod_6_CPAL	hd_piratez	0	1	0	
ui	Greencopter_CPAL	hd_piratez	0	1	0	
ui	GrimReaper_CPAL	hd_piratez	0	1	0	
ui	Gudrun_and_Captain	hd_piratez	0	1	0	
ui	Gudrun_Badendo_CPAL	hd_piratez	0	1	0	
ui	Gudrun_BDSM_213_CPAL	hd_piratez	0	1	0	
ui	Gudrun_BlueSorceress_394_CPAL	hd_piratez	0	1	0	
ui	Gudrun_Explorations_5	hd_piratez	0	1	0	
ui	Gudrun_Harto2_CPAL	hd_piratez	0	1	0	
ui	Gudrun_Honeymoon_FG_222_CPAL	hd_piratez	0	1	0	
ui	Gudrun_Interrog3A2_CPAL	hd_piratez	0	1	0	
ui	Gudrun_Jedi_CPAL	hd_piratez	0	1	0	
ui	Gudrun_Lewd_N2	hd_piratez	0	1	0	
ui	Gudrun_Pinup_CPAL	hd_piratez	0	1	0	
ui	Gudrun_Pool2_CPAL	hd_piratez	0	1	0	
ui	Gudrun_Portrait_CPAL	hd_piratez	0	1	0	
ui	Gudrun_ResearchMethods_Grok_72_CPAL	hd_piratez	0	1	0	
ui	Gudrun_Rnd3_CPAL	hd_piratez	0	1	0	
ui	Gudrun_Scared_CPAL	hd_piratez	0	1	0	
ui	Gudrun_Seductive_CPAL	hd_piratez	0	1	0	
ui	Gudrun_Spy_Cut_CPAL	hd_piratez	0	1	0	
ui	Gudrun_Test3	hd_piratez	0	1	0	
ui	Gudrun_Test5_CPAL	hd_piratez	0	1	0	
ui	Gudrun_Tower1_CPAL	hd_piratez	0	1	0	
ui	Gudrun_Vampire	hd_piratez	0	1	0	
ui	Gudrun_Veil1_CPAL	hd_piratez	0	1	0	
ui	Gudrun_X2_CPAL	hd_piratez	0	1	0	
ui	Gudrun_X5_CPAL	hd_piratez	0	1	0	
ui	Gudrun_X_CPAL	hd_piratez	0	1	0	
ui	Gudrun_Xeno1	hd_piratez	0	1	0	
ui	GudrunAbyss_CPAL	hd_piratez	0	1	0	
ui	GudrunBride_FG_105_CPAL	hd_piratez	0	1	0	
ui	GudrunDuel1FG_CPAL	hd_piratez	0	1	0	
ui	GudrunDuel2FG_CPAL	hd_piratez	0	1	0	
ui	GudrunDuel3FG_CPAL	hd_piratez	0	1	0	
ui	GudrunDuel4FG_CPAL	hd_piratez	0	1	0	
ui	GudrunDuel5FG_CPAL	hd_piratez	0	1	0	
ui	GudrunFacility_FG_154_CPAL	hd_piratez	0	1	0	
ui	GudrunMedExam_CPAL	hd_piratez	0	1	0	
ui	GudrunOnTheMountain_FG_101Cut_CPAL	hd_piratez	0	1	0	
ui	GudrunOrigins_PC_123_CPAL	hd_piratez	0	1	0	
ui	GudrunPrisoner24_cut_CPAL	hd_piratez	0	1	0	
ui	GudrunShadowrealmsExperience_FG_103_CPAL	hd_piratez	0	1	0	
ui	GudrunSuit-397_CPAL	hd_piratez	0	1	0	
ui	Guerilla_Sniper_Grok_70_CPAL	hd_piratez	0	1	0	
ui	GuerillaBack_FG_123_CPAL	hd_piratez	0	1	0	
ui	GuerillaBack_FG_177_CPAL	hd_piratez	0	1	0	
ui	Guildmaster2_CPAL	hd_piratez	0	1	0	
ui	Guildmaster_Fanart_CPAL	hd_piratez	0	1	0	
ui	Gun_Queen_CPAL	hd_piratez	0	1	0	
ui	Gun_Truck_CPAL	hd_piratez	0	1	0	
ui	GunAssembly_FG_132_CPAL	hd_piratez	0	1	0	
ui	GUNNER	hd_piratez	0	1	0	
ui	H_001_CPAL	hd_piratez	0	1	0	
ui	H_002_CPAL	hd_piratez	0	1	0	
ui	H_003	hd_piratez	0	1	0	
ui	H_004	hd_piratez	0	1	0	
ui	H_005	hd_piratez	0	1	0	
ui	H_006	hd_piratez	0	1	0	
ui	H_007	hd_piratez	0	1	0	
ui	H_008	hd_piratez	0	1	0	
ui	H_009	hd_piratez	0	1	0	
ui	H_010	hd_piratez	0	1	0	
ui	H_011	hd_piratez	0	1	0	
ui	H_012	hd_piratez	0	1	0	
ui	H_013	hd_piratez	0	1	0	
ui	H_014	hd_piratez	0	1	0	
ui	H_015	hd_piratez	0	1	0	
ui	H_016	hd_piratez	0	1	0	
ui	H_019_CPAL	hd_piratez	0	1	0	
ui	H_051_CPAL	hd_piratez	0	1	0	
ui	H_Lander_Cab	hd_piratez	0	1	0	
ui	Halls_Of_Fear	hd_piratez	0	1	0	
ui	HAMMERER	hd_piratez	0	1	0	
ui	HandheldShields_Marza1_CPAL	hd_piratez	0	1	0	
ui	Hangar_1	hd_piratez	0	1	0	
ui	Harlequin_CPAL	hd_piratez	0	1	0	
ui	Hawkeye_Ped	hd_piratez	0	1	0	
ui	HEALER	hd_piratez	0	1	0	
ui	HeavyDutyPed	hd_piratez	0	1	0	
ui	HELI	hd_piratez	0	1	0	
ui	Hell_Pwr	hd_piratez	0	1	0	
ui	Hellcat_CPAL	hd_piratez	0	1	0	
ui	Hellerian_2x	hd_piratez	0	1	0	
ui	Hellerian_5	hd_piratez	0	1	0	
ui	HelleriumCharm_Marza1_CPAL	hd_piratez	0	1	0	
ui	HelleriumExplosives_FG_114_CPAL	hd_piratez	0	1	0	
ui	Hellgate	hd_piratez	0	1	0	
ui	Hellgate2_CPAL	hd_piratez	0	1	0	
ui	HELTH_CPAL	hd_piratez	0	1	0	
ui	Hermetic_Order	hd_piratez	0	1	0	
ui	HEROIC	hd_piratez	0	1	0	
ui	HEROIC_FORM_CPAL	hd_piratez	0	1	0	
ui	HFAST1	hd_piratez	0	1	0	
ui	HigherStudies_FG_166_CPAL	hd_piratez	0	1	0	
ui	HIGHNOON	hd_piratez	0	1	0	
ui	Highway_Star	hd_piratez	0	1	0	
ui	HighwaymenFort_FG_113_CPAL	hd_piratez	0	1	0	
ui	HINDES	hd_piratez	0	1	0	
ui	Hitman	hd_piratez	0	1	0	
ui	HIVER_CPAL	hd_piratez	0	1	0	
ui	HKPed	hd_piratez	0	1	0	
ui	HOLY_WARRIOR	hd_piratez	0	1	0	
ui	Homm_1	hd_piratez	0	1	0	
ui	Homminator	hd_piratez	0	1	0	
ui	Homu_Annoyed	hd_piratez	0	1	0	
ui	Hot_Fusion_CPAL	hd_piratez	0	1	0	
ui	Hotkeys	hd_piratez	0	1	0	
ui	House_On_The_Hill_CPAL	hd_piratez	0	1	0	
ui	Hoverbike	hd_piratez	0	1	0	
ui	Hovertank_Chassis_CPAL	hd_piratez	0	1	0	
ui	Hovertanks_CPAL	hd_piratez	0	1	0	
ui	Hueg_Engines	hd_piratez	0	1	0	
ui	Humanist_Files	hd_piratez	0	1	0	
ui	HumanistTank_FG_466_CPAL	hd_piratez	0	1	0	
ui	Humvee_FG_198_CPAL	hd_piratez	0	1	0	
ui	Hunterkillers	hd_piratez	0	1	0	
ui	Huntress	hd_piratez	0	1	0	
ui	Huntress_X9_CPAL	hd_piratez	0	1	0	
ui	HX_195	hd_piratez	0	1	0	
ui	Hybrid_Agent_CPAL	hd_piratez	0	1	0	
ui	Hybrid_Examination	hd_piratez	0	1	0	
ui	Hybrid_Twilight	hd_piratez	0	1	0	
ui	HybridControllers_CPAL	hd_shared?	1	0	0	
ui	Hypno	hd_piratez	0	1	0	
ui	Hypno2	hd_piratez	0	1	0	
ui	HypnoPannel_FG_120_CPAL	hd_piratez	0	1	0	
ui	Ice_Damsel	hd_piratez	0	1	0	
ui	IceAge_FG_467_CPAL	hd_piratez	0	1	0	
ui	IDIOT	hd_piratez	0	1	0	
ui	IDOL	hd_piratez	0	1	0	
ui	Illya_Furs_5_CPAL	hd_piratez	0	1	0	
ui	Ilya_Armored	hd_piratez	0	1	0	
ui	Ilya_Big1B_CPAL	hd_piratez	0	1	0	
ui	IMMORTAL	hd_piratez	0	1	0	
ui	Impant1115_CPAL	hd_piratez	0	1	0	
ui	Industrial_CPAL	hd_piratez	0	1	0	
ui	Inferno	hd_piratez	0	1	0	
ui	InsideBase_FG_339_CPAL	hd_piratez	0	1	0	
ui	Interface_X1_CPAL	hd_piratez	0	1	0	
ui	Interface_X2	hd_piratez	0	1	0	
ui	Interrogz_CPAL	hd_piratez	0	1	0	
ui	Intro1_FG_Orky_CPAL	hd_piratez	0	1	0	
ui	Intro2_FG_1_CPAL	hd_piratez	0	1	0	
ui	Intro_00	hd_piratez	0	1	0	
ui	Intro_00b_CPAL	hd_piratez	0	1	0	
ui	Intro_00Splash	hd_piratez	0	1	0	
ui	Intro_06_CPAL	hd_piratez	0	1	0	
ui	Intro_09d_CPAL	hd_piratez	0	1	0	
ui	Intro_10	hd_piratez	0	1	0	
ui	Intro_Escape_FG_347_CPAL	hd_piratez	0	1	0	
ui	Intro_GudrunLessons_CPAL	hd_piratez	0	1	0	
ui	IntroBaseFound_FG_843_CPAL	hd_piratez	0	1	0	
ui	IntroPeasants_FG_564_CPAL	hd_piratez	0	1	0	
ui	Jack	hd_piratez	0	1	0	
ui	Jacketman_CPAL	hd_piratez	0	1	0	
ui	Jetbike_5	hd_piratez	0	1	0	
ui	Jetbike_Delivery_CPAL	hd_piratez	0	1	0	
ui	Jetpacks	hd_piratez	0	1	0	
ui	Jill	hd_piratez	0	1	0	
ui	Jillsville	hd_piratez	0	1	0	
ui	JOKER	hd_piratez	0	1	0	
ui	Journey	hd_piratez	0	1	0	
ui	JUDGE_CPAL	hd_piratez	0	1	0	
ui	Julie_111_CPAL	hd_piratez	0	1	0	
ui	Jungles_of_Magic_CPAL	hd_piratez	0	1	0	
ui	Kashub1	hd_piratez	0	1	0	
ui	Kenshiro	hd_piratez	0	1	0	
ui	Kingdom_Death	hd_piratez	0	1	0	
ui	Kitsune	hd_piratez	0	1	0	
ui	Klickor2_CPAL	hd_piratez	0	1	0	
ui	Knights_Of_Cydonia_4	hd_piratez	0	1	0	
ui	Knights_Of_Cydonia_OldEarth	hd_piratez	0	1	0	
ui	Kokoro	hd_piratez	0	1	0	
ui	Konoko	hd_piratez	0	1	0	
ui	KrabPed	hd_piratez	0	1	0	
ui	KrakenPed	hd_piratez	0	1	0	
ui	Krazy_Hanna	hd_piratez	0	1	0	
ui	Labirynthus_Noctis	hd_piratez	0	1	0	
ui	Lamia_Poster_CPAL	hd_piratez	0	1	0	
ui	Lamia_Recruitment_CPAL	hd_piratez	0	1	0	
ui	Laser_Ammo_Ped	hd_piratez	0	1	0	
ui	Laser_Nuclear_Ped	hd_piratez	0	1	0	
ui	LASERKILL_CPAL	hd_piratez	0	1	0	
ui	Lawnch_CPAL	hd_piratez	0	1	0	
ui	Leia	hd_piratez	0	1	0	
ui	LibraryBig_FG_842_CPAL	hd_piratez	0	1	0	
ui	LifeForce_FG_202_CPAL	hd_piratez	0	1	0	
ui	Lifter3_CPAL	hd_piratez	0	1	0	
ui	Lifter4_CPAL	hd_piratez	0	1	0	
ui	Light_Dark	hd_piratez	0	1	0	
ui	LightCraftWeaponsPed	hd_piratez	0	1	0	
ui	Little_Bird	hd_piratez	0	1	0	
ui	Lo_Wang	hd_piratez	0	1	0	
ui	LoadingBay_FG_71_CPAL	hd_piratez	0	1	0	
ui	LOGICAL	hd_piratez	0	1	0	
ui	Lokk_Naar_Mercenary	hd_piratez	0	1	0	
ui	Lola_Pinup_1	hd_piratez	0	1	0	
ui	LONESURVIVOR	hd_piratez	0	1	0	
ui	LONGEVITY	hd_piratez	0	1	0	
ui	Loot_Distribution	hd_piratez	0	1	0	
ui	LootDistribution_FG_133_CPAL	hd_piratez	0	1	0	
ui	LordCrossroads_FG_731B_CPAL	hd_piratez	0	1	0	
ui	Lovers2	hd_piratez	0	1	0	
ui	LUCKYSHOT	hd_piratez	0	1	0	
ui	LUKA_GUNS_CPAL	hd_piratez	0	1	0	
ui	M_HULL	hd_piratez	0	1	0	
ui	Machine_Mistress_CPAL	hd_piratez	0	1	0	
ui	Mad_Science_P1_CPAL	hd_piratez	0	1	0	
ui	MadGnome_FG_33_CPAL	hd_piratez	0	1	0	
ui	MAG_Ammo_Ped	hd_piratez	0	1	0	
ui	MagazinePed	hd_piratez	0	1	0	
ui	MAGES_CPAL	hd_piratez	0	1	0	
ui	Magic_Pond	hd_piratez	0	1	0	
ui	Magic_Shop	hd_piratez	0	1	0	
ui	MagicBallBat_FG_301_CPAL	hd_piratez	0	1	0	
ui	MAGICIENNE	hd_piratez	0	1	0	
ui	MAGICKILL	hd_piratez	0	1	0	
ui	Magnetic_Fields	hd_piratez	0	1	0	
ui	MagneticContainment_FG_373_CPAL	hd_piratez	0	1	0	
ui	MagnumPrize_FG_99_CPAL	hd_piratez	0	1	0	
ui	Maid	hd_piratez	0	1	0	
ui	Maid_Cleaners	hd_piratez	0	1	0	
ui	MaleSoldiers_FG_566_CPAL	hd_piratez	0	1	0	
ui	Mami_1	hd_piratez	0	1	0	
ui	Mami_11	hd_piratez	0	1	0	
ui	Mansions_Invasions_New_CPAL	hd_piratez	0	1	0	
ui	Mars	hd_piratez	0	1	0	
ui	Mars_3_CPAL	hd_piratez	0	1	0	
ui	Mars_Canyons	hd_piratez	0	1	0	
ui	Mars_Tunnels	hd_piratez	0	1	0	
ui	MASOCHIST	hd_piratez	0	1	0	
ui	Mastermind_FG_493_CPAL	hd_piratez	0	1	0	
ui	MatterCompression_FG_113_CPAL	hd_piratez	0	1	0	
ui	MAXDAKKA	hd_piratez	0	1	0	
ui	MBT	hd_piratez	0	1	0	
ui	MCSP_CPAL	hd_piratez	0	1	0	
ui	Mechapilot	hd_piratez	0	1	0	
ui	Mechtoid_Friendship_2	hd_piratez	0	1	0	
ui	MedExam_CPAL	hd_piratez	0	1	0	
ui	Medical_H2_CPAL	hd_piratez	0	1	0	
ui	Medical_Production_8_CPAL	hd_piratez	0	1	0	
ui	Medical_T1	hd_piratez	0	1	0	
ui	MedicalStuff_FG_450_CPAL	hd_piratez	0	1	0	
ui	Medicine_Spatiale	hd_piratez	0	1	0	
ui	MEDIEVAL_CPAL	hd_piratez	0	1	0	
ui	Meditation_CPAL	hd_piratez	0	1	0	
ui	Meeting_Cleo	hd_piratez	0	1	0	
ui	Megabrute	hd_piratez	0	1	0	
ui	Melee_5	hd_piratez	0	1	0	
ui	MELEEKILL	hd_piratez	0	1	0	
ui	Menace-3	hd_piratez	0	1	0	
ui	MercFighterPedia	hd_piratez	0	1	0	
ui	Metropolis_CPAL	hd_piratez	0	1	0	
ui	MIA	hd_piratez	0	1	0	
ui	MiBGirl	hd_piratez	0	1	0	
ui	Micronoids	hd_piratez	0	1	0	
ui	MiG	hd_piratez	0	1	0	
ui	Mikasa_2	hd_piratez	0	1	0	
ui	MILF_Officer	hd_piratez	0	1	0	
ui	MilitaryDrill_FG_250_CPAL	hd_piratez	0	1	0	
ui	Militiaman_CPAL	hd_piratez	0	1	0	
ui	Milking	hd_piratez	0	1	0	
ui	Minecraft_19_CPAL	hd_piratez	0	1	0	
ui	MiningExtreme_FG_386_CPAL	hd_piratez	0	1	0	
ui	MiningShipPed	hd_piratez	0	1	0	
ui	MioFantasy2_CPAL	hd_piratez	0	1	0	
ui	MioFantasy_PC_43_CPAL	hd_piratez	0	1	0	
ui	MirrorMirror_CPAL	hd_piratez	0	1	0	
ui	MiscResearch	hd_piratez	0	1	0	
ui	Missile_Craft_CPAL	hd_piratez	0	1	0	
ui	MISSION_KILLS_11	hd_piratez	0	1	0	
ui	MISSION_KILLS_23	hd_piratez	0	1	0	
ui	MISSION_KILLS_5	hd_piratez	0	1	0	
ui	Missions_A	hd_piratez	0	1	0	
ui	Missions_B	hd_piratez	0	1	0	
ui	Missions_C	hd_piratez	0	1	0	
ui	Missions_D	hd_piratez	0	1	0	
ui	miura_0100_CPAL	hd_piratez	0	1	0	
ui	Moloch_CPAL	hd_piratez	0	1	0	
ui	Monolit	hd_piratez	0	1	0	
ui	MONSTER	hd_piratez	0	1	0	
ui	Monster_Hunt	hd_piratez	0	1	0	
ui	MONSTER_HUNTER	hd_piratez	0	1	0	
ui	MonsterFighting_FG_505_CPAL	hd_piratez	0	1	0	
ui	Moon_Mistress	hd_piratez	0	1	0	
ui	Moon_Nazi_Base	hd_piratez	0	1	0	
ui	Moonbathing	hd_piratez	0	1	0	
ui	MoonNazis	hd_piratez	0	1	0	
ui	Motoko1	hd_piratez	0	1	0	
ui	Motoko_Stasis_CPAL	hd_piratez	0	1	0	
ui	Mountain_Base	hd_piratez	0	1	0	
ui	MSDF_1_CPAL	hd_piratez	0	1	0	
ui	MULTIPLEHITS	hd_piratez	0	1	0	
ui	MunIntro_FG_373_CPAL	hd_piratez	0	1	0	
ui	MunShips_FG_103_CPAL	hd_piratez	0	1	0	
ui	MURDERER	hd_piratez	0	1	0	
ui	MUSCLE_MAGOS_CPAL	hd_piratez	0	1	0	
ui	Muscle_Witch	hd_piratez	0	1	0	
ui	Mutant_Resistance	hd_piratez	0	1	0	
ui	Mutant_Wars_AI1_CPAL	hd_piratez	0	1	0	
ui	MutantFreak_FG_412_CPAL	hd_piratez	0	1	0	
ui	MutantFreak_FG_413_CPAL	hd_piratez	0	1	0	
ui	MutonByNeoworm_UPed	hd_shared?	1	0	0	
ui	Mydra	hd_piratez	0	1	0	
ui	Mystic_Waves	hd_piratez	0	1	0	
ui	Nades_2	hd_piratez	0	1	0	
ui	NanoCarbon_FG_432_CPAL	hd_piratez	0	1	0	
ui	Nastassia_Grok_49_CPAL	hd_piratez	0	1	0	
ui	Nationalization	hd_piratez	0	1	0	
ui	NaziBase	hd_piratez	0	1	0	
ui	NaziBase2	hd_piratez	0	1	0	
ui	Necrobomber	hd_piratez	0	1	0	
ui	Necropirate_Fighting_CPAL	hd_piratez	0	1	0	
ui	Necroplane_CPAL	hd_piratez	0	1	0	
ui	NEKO_ACE	hd_piratez	0	1	0	
ui	NEKO_BODYBUILDER	hd_piratez	0	1	0	
ui	NEKO_HERBALIST	hd_piratez	0	1	0	
ui	NEKO_HONORED	hd_piratez	0	1	0	
ui	NEKO_OUTLAW	hd_piratez	0	1	0	
ui	NEKO_SWIFTPAW	hd_piratez	0	1	0	
ui	NEKO_WARRIOR	hd_piratez	0	1	0	
ui	Nekomimi_Mrsshan	hd_piratez	0	1	0	
ui	Nekomimi_Speaker	hd_piratez	0	1	0	
ui	Nekomimi_Trading	hd_piratez	0	1	0	
ui	Nekomimi_Warlord	hd_piratez	0	1	0	
ui	NekomimiGunship_CPAL	hd_piratez	0	1	0	
ui	NekomimiNetwork_CPAL	hd_piratez	0	1	0	
ui	Nekos_CPAL	hd_piratez	0	1	0	
ui	NEON_MAGOS_CPAL	hd_piratez	0	1	0	
ui	Neophyte_Camp_CPAL	hd_piratez	0	1	0	
ui	NEPOTISM	hd_piratez	0	1	0	
ui	NewspaperMeme_FG_532_CPAL	hd_piratez	0	1	0	
ui	Night_Creatures	hd_piratez	0	1	0	
ui	NIGHTMARE	hd_piratez	0	1	0	
ui	NIGHTOPS	hd_piratez	0	1	0	
ui	NIGHTSTALKER_CPAL	hd_piratez	0	1	0	
ui	NightWitch_FG_37_CPAL	hd_piratez	0	1	0	
ui	Ninja_67	hd_piratez	0	1	0	
ui	Ninja_Assassin_7_CPAL	hd_piratez	0	1	0	
ui	Ninja_Assault_4_CPAL	hd_piratez	0	1	0	
ui	Ninja_Champion	hd_piratez	0	1	0	
ui	Ninja_Champion_T1	hd_piratez	0	1	0	
ui	Ninja_Champion_T1_Consumed	hd_piratez	0	1	0	
ui	Ninja_Champion_T1_Enslaved	hd_piratez	0	1	0	
ui	Ninja_Cloning	hd_piratez	0	1	0	
ui	Ninja_Gal_5_CPAL	hd_piratez	0	1	0	
ui	Ninja_Love	hd_piratez	0	1	0	
ui	Ninja_Pinup_01	hd_piratez	0	1	0	
ui	Ninja_Sexy3	hd_piratez	0	1	0	
ui	Ninja_Sexy_11	hd_piratez	0	1	0	
ui	Ninja_War_CPAL	hd_piratez	0	1	0	
ui	Ninja_Warrior_39_CPAL	hd_piratez	0	1	0	
ui	NINJABOO	hd_piratez	0	1	0	
ui	NinjaClone_FG_382_CPAL	hd_piratez	0	1	0	
ui	Ninjas_2_CPAL	hd_piratez	0	1	0	
ui	Noblewoman_Seduction	hd_piratez	0	1	0	
ui	NoConsent_CPAL	hd_piratez	0	1	0	
ui	Noctis_1	hd_piratez	0	1	0	
ui	Noctis_2	hd_piratez	0	1	0	
ui	Noctis_3	hd_piratez	0	1	0	
ui	Nocturna_FG_554_CPAL	hd_piratez	0	1	0	
ui	Nocturna_Temptata	hd_piratez	0	1	0	
ui	Nucc	hd_piratez	0	1	0	
ui	Nucc_Flamer	hd_piratez	0	1	0	
ui	Nuclear	hd_piratez	0	1	0	
ui	Nun_Lenin_CPAL	hd_piratez	0	1	0	
ui	Nyah	hd_piratez	0	1	0	
ui	OEV	hd_piratez	0	1	0	
ui	OFFICER	hd_piratez	0	1	0	
ui	Ogre_God	hd_piratez	0	1	0	
ui	Ogre_n_Gnome_4	hd_piratez	0	1	0	
ui	Ogre_Worker	hd_piratez	0	1	0	
ui	OgreShotgun_FG_180_CPAL	hd_piratez	0	1	0	
ui	OgreSoldier_FG_618_CPAL	hd_piratez	0	1	0	
ui	OgreSpy3_CPAL	hd_piratez	0	1	0	
ui	Ogress2	hd_piratez	0	1	0	
ui	Ogress_Defeated	hd_piratez	0	1	0	
ui	Oneira_CPAL	hd_piratez	0	1	0	
ui	Optronic_Computing	hd_piratez	0	1	0	
ui	ORANGE_MAGOS_CPAL	hd_piratez	0	1	0	
ui	Orbit	hd_piratez	0	1	0	
ui	Orbital_Cannon	hd_piratez	0	1	0	
ui	ORIGINAL8B_CPAL	hd_piratez	0	1	0	
ui	OtherDimensions_FG_345_CPAL	hd_piratez	0	1	0	
ui	OutroNucc12_CPAL	hd_piratez	0	1	0	
ui	OwlGirl_FG_421_CPAL	hd_piratez	0	1	0	
ui	PARIAH	hd_piratez	0	1	0	
ui	Passenger	hd_piratez	0	1	0	
ui	Peasants_New	hd_piratez	0	1	0	
ui	PeasantSoldiers_FG_574_CPAL	hd_piratez	0	1	0	
ui	Pentagram	hd_piratez	0	1	0	
ui	Peoples_Army1	hd_piratez	0	1	0	
ui	PERSONAL	hd_piratez	0	1	0	
ui	Personal_Shields_3	hd_piratez	0	1	0	
ui	Persuasion_FG_241_CPAL	hd_piratez	0	1	0	
ui	Pharmacist_FG_338_CPAL	hd_piratez	0	1	0	
ui	Pharmacology_CPAL	hd_piratez	0	1	0	
ui	Phlegethon	hd_piratez	0	1	0	
ui	Pir_Adventurer_FG_50_CPAL	hd_piratez	0	1	0	
ui	Pir_Adventurer_FG_51B_CPAL	hd_piratez	0	1	0	
ui	Pir_Bizley1_CPAL	hd_piratez	0	1	0	
ui	Pir_Nude_FG_55_CPAL	hd_piratez	0	1	0	
ui	Pir_Nude_FG_56_CPAL	hd_piratez	0	1	0	
ui	Pirate_Beach_CPAL	hd_piratez	0	1	0	
ui	Pirate_C32_CPAL	hd_piratez	0	1	0	
ui	Pirate_Sunny_CPAL	hd_piratez	0	1	0	
ui	Pirate_Tentacles	hd_piratez	0	1	0	
ui	Pirate_X17_CPAL	hd_piratez	0	1	0	
ui	Pirate_X1_CPAL	hd_piratez	0	1	0	
ui	Pirate_X2_CPAL	hd_piratez	0	1	0	
ui	Pirate_X51_CPAL	hd_piratez	0	1	0	
ui	Pirate_Z1	hd_piratez	0	1	0	
ui	PiratePartying_CPAL	hd_piratez	0	1	0	
ui	PirateRest	hd_piratez	0	1	0	
ui	PirateTreasure	hd_piratez	0	1	0	
ui	PirateyLingerie_FG_426_CPAL	hd_piratez	0	1	0	
ui	PirBikiniPed_CPAL	hd_piratez	0	1	0	
ui	Pistols_3	hd_piratez	0	1	0	
ui	Plane_Schematics_CPAL	hd_piratez	0	1	0	
ui	Planet04	hd_piratez	0	1	0	
ui	Planet12_CPAL	hd_piratez	0	1	0	
ui	Planet35	hd_piratez	0	1	0	
ui	Planet_66	hd_piratez	0	1	0	
ui	PlastaSteel_FG_416_CPAL	hd_piratez	0	1	0	
ui	Pods_CS1_CPAL	hd_piratez	0	1	0	
ui	POISONKILL	hd_piratez	0	1	0	
ui	Poisons_FG_208_CPAL	hd_piratez	0	1	0	
ui	Poltergeist_FG_412_CPAL	hd_piratez	0	1	0	
ui	Portal_2	hd_piratez	0	1	0	
ui	Postapoc_Manara_CPAL	hd_piratez	0	1	0	
ui	POSTMORTEM_KILL	hd_piratez	0	1	0	
ui	Power_Surge	hd_piratez	0	1	0	
ui	Powergal	hd_piratez	0	1	0	
ui	Powerups_Marza3_CPAL	hd_piratez	0	1	0	
ui	PrawaKirkhoffa_CPAL	hd_piratez	0	1	0	
ui	Precision_FG_424_CPAL	hd_piratez	0	1	0	
ui	PRIMALKILL	hd_piratez	0	1	0	
ui	PrisonCafe_FG_587_CPAL	hd_piratez	0	1	0	
ui	PRISS_CPAL	hd_piratez	0	1	0	
ui	PRISS_x1	hd_piratez	0	1	0	
ui	Prize_30mm	hd_piratez	0	1	0	
ui	Prize_Aircar_Race_CPAL	hd_piratez	0	1	0	
ui	Prize_AT_Rifle	hd_piratez	0	1	0	
ui	Prize_Autocannons	hd_piratez	0	1	0	
ui	Prize_Autoshotgun_CPAL	hd_piratez	0	1	0	
ui	Prize_Bank	hd_piratez	0	1	0	
ui	Prize_Bazooka_CPAL	hd_piratez	0	1	0	
ui	Prize_Black_Adder	hd_piratez	0	1	0	
ui	Prize_City_Pass	hd_piratez	0	1	0	
ui	Prize_Contraband	hd_piratez	0	1	0	
ui	Prize_DEagle	hd_piratez	0	1	0	
ui	Prize_Dragon_1	hd_piratez	0	1	0	
ui	Prize_Dragon_2	hd_piratez	0	1	0	
ui	Prize_Dragon_3B	hd_piratez	0	1	0	
ui	Prize_Durathread_CPAL	hd_piratez	0	1	0	
ui	Prize_Hand_Mortar	hd_piratez	0	1	0	
ui	Prize_Harpoon_Carbine	hd_piratez	0	1	0	
ui	Prize_Holosuit	hd_piratez	0	1	0	
ui	Prize_Jack	hd_piratez	0	1	0	
ui	Prize_Loans	hd_piratez	0	1	0	
ui	Prize_M_Lasers_CPAL	hd_piratez	0	1	0	
ui	Prize_Martial_Arts	hd_piratez	0	1	0	
ui	Prize_Mil_Supplies	hd_piratez	0	1	0	
ui	Prize_Naval_Gun_2	hd_piratez	0	1	0	
ui	Prize_Old_Earth_Appreciator	hd_piratez	0	1	0	
ui	Prize_Piranha	hd_piratez	0	1	0	
ui	Prize_Plasma_Blades	hd_piratez	0	1	0	
ui	Prize_Saya	hd_piratez	0	1	0	
ui	Prize_Small_Shotgun	hd_piratez	0	1	0	
ui	Prize_Supercharger	hd_piratez	0	1	0	
ui	Prize_Ward	hd_piratez	0	1	0	
ui	Prize_White_Rabbit	hd_piratez	0	1	0	
ui	Prize_World	hd_piratez	0	1	0	
ui	PRO2	hd_piratez	0	1	0	
ui	Profits	hd_piratez	0	1	0	
ui	PROUD_WARRIOR2	hd_piratez	0	1	0	
ui	PSYCHOKILL	hd_piratez	0	1	0	
ui	Public_Enemy_FG_41_CPAL	hd_piratez	0	1	0	
ui	Pumas	hd_piratez	0	1	0	
ui	PURITY	hd_piratez	0	1	0	
ui	PURPLE_HEART	hd_piratez	0	1	0	
ui	PurpleShield_FG_451_CPAL	hd_piratez	0	1	0	
ui	Quad_Gal	hd_piratez	0	1	0	
ui	QUADKILL	hd_piratez	0	1	0	
ui	Quarantine	hd_piratez	0	1	0	
ui	Queen_Gentle_3	hd_piratez	0	1	0	
ui	Queen_Gold_2b	hd_piratez	0	1	0	
ui	Queen_Green_CPAL	hd_piratez	0	1	0	
ui	Queen_Insidious	hd_piratez	0	1	0	
ui	Queen_Insidious_2_CPAL	hd_piratez	0	1	0	
ui	Queen_Magnificient	hd_piratez	0	1	0	
ui	Queen_Of_Shadows_CPAL	hd_piratez	0	1	0	
ui	Queen_Savage_CPAL	hd_piratez	0	1	0	
ui	Queen_Warrior	hd_piratez	0	1	0	
ui	Queen_Warrior_2	hd_piratez	0	1	0	
ui	RACE_KILLS_CPAL	hd_piratez	0	1	0	
ui	RadarRunt_3_CPAL	hd_piratez	0	1	0	
ui	Rage	hd_piratez	0	1	0	
ui	Raider_Camp	hd_piratez	0	1	0	
ui	RAIDER_CPAL	hd_piratez	0	1	0	
ui	Raider_Mistress_001_CPAL	hd_piratez	0	1	0	
ui	Railguns_Ped	hd_piratez	0	1	0	
ui	RailPod_FG_223_CPAL	hd_piratez	0	1	0	
ui	Rain_Girl_CPAL	hd_piratez	0	1	0	
ui	Ratmen_N_Damsel	hd_piratez	0	1	0	
ui	Raynerd	hd_piratez	0	1	0	
ui	REACTIONFIRE	hd_piratez	0	1	0	
ui	RebelTrade1_CPAL	hd_piratez	0	1	0	
ui	ReconCompleted_FG_416_CPAL	hd_piratez	0	1	0	
ui	Red_Death	hd_piratez	0	1	0	
ui	Red_Knight_CPAL	hd_piratez	0	1	0	
ui	Red_Sun_Dreams_CPAL	hd_piratez	0	1	0	
ui	Redforge_CPAL	hd_piratez	0	1	0	
ui	RedMage_and_Gudrun_FG_45	hd_piratez	0	1	0	
ui	RedMage_Castle_FG_251_CPAL	hd_piratez	0	1	0	
ui	RedMage_Cube_FG_256_CPAL	hd_piratez	0	1	0	
ui	RedMage_FG_Bikini1_CPAL	hd_piratez	0	1	0	
ui	RedMage_FG_Bondage2_CPAL	hd_piratez	0	1	0	
ui	RedMage_FG_Oni2_CPAL	hd_piratez	0	1	0	
ui	RedMage_FG_Pool1_CPAL	hd_piratez	0	1	0	
ui	RedMage_FG_Theban3_CPAL	hd_piratez	0	1	0	
ui	RedMage_Flowers_FG_333_CPAL	hd_piratez	0	1	0	
ui	RedMage_Frustrated_FG_242_CPAL	hd_piratez	0	1	0	
ui	RedMage_Piano_FG_83_CPAL	hd_piratez	0	1	0	
ui	RedMage_Pool_FG_234_CPAL	hd_piratez	0	1	0	
ui	RedMage_Sarcophagus_FG_83_CPAL	hd_piratez	0	1	0	
ui	RedMage_Spa_FG_227_CPAL	hd_piratez	0	1	0	
ui	RedMage_Succubus_FG_266_CPAL	hd_piratez	0	1	0	
ui	RedMageMovesIn_FG_221_CPAL	hd_piratez	0	1	0	
ui	RedMageRitual_FG_443_CPAL	hd_piratez	0	1	0	
ui	RedShield_FG_431_CPAL	hd_piratez	0	1	0	
ui	Relax_CPAL	hd_piratez	0	1	0	
ui	Relaxing_At_Laptop_CPAL	hd_piratez	0	1	0	
ui	Rena_1	hd_piratez	0	1	0	
ui	Repentia_Nun_Outfit	hd_piratez	0	1	0	
ui	Reporter_CPAL	hd_piratez	0	1	0	
ui	Research_Vessel	hd_piratez	0	1	0	
ui	Resistance1_CPAL	hd_piratez	0	1	0	
ui	Ressurect	hd_piratez	0	1	0	
ui	Ret_Bandito	hd_piratez	0	1	0	
ui	RET_FUN_2	hd_piratez	0	1	0	
ui	ReticulanVats_FG_250_CPAL	hd_piratez	0	1	0	
ui	REVIVE	hd_piratez	0	1	0	
ui	REVOLOTIONARY13_CPAL	hd_piratez	0	1	0	
ui	RevolutionaryGirl_FG_516_CPAL	hd_piratez	0	1	0	
ui	REVOLVINGDOOR_CPAL	hd_piratez	0	1	0	
ui	Reyi_001_CPAL	hd_piratez	0	1	0	
ui	Reyi_Circuitry_CPAL	hd_piratez	0	1	0	
ui	RIFLEKILL	hd_piratez	0	1	0	
ui	Rifles_Summary	hd_piratez	0	1	0	
ui	Rin_14	hd_piratez	0	1	0	
ui	Rin_18	hd_piratez	0	1	0	
ui	Rin_20	hd_piratez	0	1	0	
ui	Rin_21	hd_piratez	0	1	0	
ui	Rin_27	hd_piratez	0	1	0	
ui	Rin_4	hd_piratez	0	1	0	
ui	Rin_8	hd_piratez	0	1	0	
ui	Rin_Caged	hd_piratez	0	1	0	
ui	Rin_Enthroned	hd_piratez	0	1	0	
ui	Rin_Gorgon21_CPAL	hd_piratez	0	1	0	
ui	Rin_Queen_of_Hearts	hd_piratez	0	1	0	
ui	Ritsuko_Smoking	hd_piratez	0	1	0	
ui	RitsukoInerrogN25_CPAL	hd_piratez	0	1	0	
ui	Robo_Spiders	hd_piratez	0	1	0	
ui	Robot_Army_Rising_CPAL	hd_piratez	0	1	0	
ui	Robot_Attack	hd_piratez	0	1	0	
ui	Robot_Pwr_CPAL	hd_piratez	0	1	0	
ui	Robothead_825_CPAL	hd_piratez	0	1	0	
ui	Rocket_Science	hd_piratez	0	1	0	
ui	Roman_Soldiers	hd_piratez	0	1	0	
ui	Romanica	hd_piratez	0	1	0	
ui	ROOM_SERVICE	hd_piratez	0	1	0	
ui	RPS_Ped	hd_shared?	1	0	0	
ui	RUNESMITH3	hd_piratez	0	1	0	
ui	Runt_Drill	hd_piratez	0	1	0	
ui	Runt_Jacket_1_CPAL	hd_piratez	0	1	0	
ui	Runt_Jacket_2_CPAL	hd_piratez	0	1	0	
ui	Runt_S252_CPAL	hd_piratez	0	1	0	
ui	Runtsy_076	hd_piratez	0	1	0	
ui	Runtsy_5	hd_piratez	0	1	0	
ui	Runtsy_Steam	hd_piratez	0	1	0	
ui	RybaPed	hd_piratez	0	1	0	
ui	SABRE	hd_piratez	0	1	0	
ui	Sacrificial	hd_piratez	0	1	0	
ui	Sadako	hd_piratez	0	1	0	
ui	SADIST	hd_piratez	0	1	0	
ui	Sakura_D	hd_piratez	0	1	0	
ui	Sakurabus_Ped	hd_piratez	0	1	0	
ui	SakuraZilla	hd_piratez	0	1	0	
ui	Salvage	hd_piratez	0	1	0	
ui	Samira_CPAL	hd_piratez	0	1	0	
ui	SAMURAI	hd_piratez	0	1	0	
ui	Santa_Muerte	hd_piratez	0	1	0	
ui	Sarah_Palin	hd_piratez	0	1	0	
ui	SARGEANT	hd_piratez	0	1	0	
ui	Satyr	hd_piratez	0	1	0	
ui	SAVEDALL	hd_piratez	0	1	0	
ui	Saya_16_CPAL	hd_piratez	0	1	0	
ui	Saya_Dragon	hd_piratez	0	1	0	
ui	SC_34_CPAL	hd_piratez	0	1	0	
ui	Scamming_Marza1_CPAL	hd_piratez	0	1	0	
ui	Scanner	hd_piratez	0	1	0	
ui	SCARAB	hd_piratez	0	1	0	
ui	SchoolGraduation_FG_151_CPAL	hd_piratez	0	1	0	
ui	SeaTransport	hd_piratez	0	1	0	
ui	SEC_COS_LDR	hd_piratez	0	1	0	
ui	SEC_MRC_ENG	hd_piratez	0	1	0	
ui	SEC_SCI_COM_CPAL	hd_piratez	0	1	0	
ui	SEC_SCI_ENG	hd_shared?	1	0	0	
ui	SEC_SCI_LDR	hd_piratez	0	1	0	
ui	SEC_SCI_MED	hd_piratez	0	1	0	
ui	SEC_TRD_ENG	hd_piratez	0	1	0	
ui	SEC_TRD_LDR	hd_piratez	0	1	0	
ui	SectoidPed	hd_piratez	0	1	0	
ui	Seeders	hd_piratez	0	1	0	
ui	SEKAR_CPAL	hd_piratez	0	1	0	
ui	Sel_1_CPAL	hd_piratez	0	1	0	
ui	SensoSphere_FG_183_CPAL	hd_piratez	0	1	0	
ui	Serpieri_1	hd_piratez	0	1	0	
ui	Sewers	hd_piratez	0	1	0	
ui	Sexy_Clinic	hd_piratez	0	1	0	
ui	sgr_01_CPAL	hd_piratez	0	1	0	
ui	sgr_02_CPAL	hd_piratez	0	1	0	
ui	sgr_03_CPAL	hd_piratez	0	1	0	
ui	sgr_04_CPAL	hd_piratez	0	1	0	
ui	sgr_05_CPAL	hd_piratez	0	1	0	
ui	sgr_06_CPAL	hd_piratez	0	1	0	
ui	sgr_07_CPAL	hd_piratez	0	1	0	
ui	ShadeSummoning_FG_101_CPAL	hd_piratez	0	1	0	
ui	Shadow_Comms1	hd_piratez	0	1	0	
ui	Shadow_Gate_M_CPAL	hd_piratez	0	1	0	
ui	Shadowbat_Ped	hd_piratez	0	1	0	
ui	ShadowLoli_CPAL	hd_piratez	0	1	0	
ui	ShadowPlanet	hd_piratez	0	1	0	
ui	SHADOWQUEST_CPAL	hd_piratez	0	1	0	
ui	Shadowrealm	hd_piratez	0	1	0	
ui	Shadowrealms_B1_CPAL	hd_piratez	0	1	0	
ui	ShadowrealmsVision_FG_82_CPAL	hd_piratez	0	1	0	
ui	ShadowSyn_CPAL	hd_piratez	0	1	0	
ui	SheDevilShrine_CPAL	hd_piratez	0	1	0	
ui	SHELLSHOCKED	hd_piratez	0	1	0	
ui	Shield_Ped	hd_piratez	0	1	0	
ui	ShipEquips_FC_233_CPAL	hd_piratez	0	1	0	
ui	Shotgun_7	hd_piratez	0	1	0	
ui	Shotguns_3	hd_piratez	0	1	0	
ui	SilencedPistol_FG_99B_CPAL	hd_piratez	0	1	0	
ui	SIMPLETON	hd_piratez	0	1	0	
ui	Simulacrum	hd_piratez	0	1	0	
ui	Siren_Infiltration_CPAL	hd_piratez	0	1	0	
ui	Siren_X	hd_piratez	0	1	0	
ui	Sivalinga_Ritual_19_CPAL	hd_piratez	0	1	0	
ui	SJF	hd_piratez	0	1	0	
ui	Skullface_FG_871_CPAL	hd_piratez	0	1	0	
ui	Skyranger_Remake	hd_piratez	0	1	0	
ui	SLASHER_CPAL	hd_piratez	0	1	0	
ui	Slave_Soldiers	hd_piratez	0	1	0	
ui	SLAVEKILLS	hd_piratez	0	1	0	
ui	SlavesToDarkness_FG_338_CPAL	hd_piratez	0	1	0	
ui	Sleeping_Beauty	hd_piratez	0	1	0	
ui	Slime_Girl	hd_piratez	0	1	0	
ui	SlimeInfestation_FG_70A_CPAL	hd_piratez	0	1	0	
ui	Sly_Bullets	hd_piratez	0	1	0	
ui	SMGKILL_CPAL	hd_piratez	0	1	0	
ui	SMGS_2	hd_piratez	0	1	0	
ui	Smith_Gal_CPAL	hd_piratez	0	1	0	
ui	Smugglers_3	hd_piratez	0	1	0	
ui	Sniper_2	hd_piratez	0	1	0	
ui	SNIPERKILL	hd_piratez	0	1	0	
ui	Snow_White_CPAL	hd_piratez	0	1	0	
ui	Socore_02	hd_piratez	0	1	0	
ui	Soldat3_CPAL	hd_piratez	0	1	0	
ui	Soldier1	hd_piratez	0	1	0	
ui	SoldierGal_FG_601_CPAL	hd_piratez	0	1	0	
ui	Soldiers1_CPAL	hd_piratez	0	1	0	
ui	Solmine_Outpost	hd_piratez	0	1	0	
ui	Sorcy_1	hd_piratez	0	1	0	
ui	SoulDoll_FG_123_CPAL	hd_piratez	0	1	0	
ui	SoulSense_FG_344_CPAL	hd_piratez	0	1	0	
ui	Space_City	hd_piratez	0	1	0	
ui	Space_Freighter_Raid	hd_piratez	0	1	0	
ui	Space_Girl	hd_piratez	0	1	0	
ui	Space_Invader	hd_piratez	0	1	0	
ui	Space_Meditation	hd_piratez	0	1	0	
ui	Space_Pirate3	hd_piratez	0	1	0	
ui	Space_Pirate_CPAL	hd_piratez	0	1	0	
ui	SpaceAssault	hd_piratez	0	1	0	
ui	Spacebar2_CPAL	hd_piratez	0	1	0	
ui	Spacebar4_CPAL	hd_piratez	0	1	0	
ui	SpaceGal_CPAL	hd_piratez	0	1	0	
ui	Spacejunk3_CPAL	hd_piratez	0	1	0	
ui	Spaceships_10	hd_piratez	0	1	0	
ui	Spaceships_5	hd_piratez	0	1	0	
ui	Spaceships_7	hd_piratez	0	1	0	
ui	Spaceships_9	hd_piratez	0	1	0	
ui	SpaceYaht	hd_piratez	0	1	0	
ui	Spanking	hd_piratez	0	1	0	
ui	Spartan_Ped	hd_piratez	0	1	0	
ui	SpecialEquips_PCH_109_CPAL	hd_piratez	0	1	0	
ui	SPECIALSTUN	hd_piratez	0	1	0	
ui	Spector_Ped	hd_piratez	0	1	0	
ui	Spectre_1_CPAL	hd_piratez	0	1	0	
ui	Spider_Race	hd_piratez	0	1	0	
ui	SPY_AWARD	hd_piratez	0	1	0	
ui	Squire	hd_piratez	0	1	0	
ui	SSBG_Ped	hd_piratez	0	1	0	
ui	SSFB_Ped	hd_piratez	0	1	0	
ui	SSGL_Ped	hd_piratez	0	1	0	
ui	SSLV_Ped	hd_piratez	0	1	0	
ui	STABBER	hd_piratez	0	1	0	
ui	Stairway	hd_piratez	0	1	0	
ui	Stalker1	hd_piratez	0	1	0	
ui	Stardreams	hd_piratez	0	1	0	
ui	StarGods1B_CPAL	hd_piratez	0	1	0	
ui	Starship_Junkyard_CPAL	hd_piratez	0	1	0	
ui	StasisPods_FG_46_CPAL	hd_piratez	0	1	0	
ui	STATGAIN	hd_piratez	0	1	0	
ui	StealthSuit_FG_53_CPAL	hd_piratez	0	1	0	
ui	Steampunkness2	hd_piratez	0	1	0	
ui	Storage_CPAL	hd_piratez	0	1	0	
ui	Strange_Goddess	hd_piratez	0	1	0	
ui	Strip_Club	hd_piratez	0	1	0	
ui	Struggle	hd_piratez	0	1	0	
ui	Styx	hd_piratez	0	1	0	
ui	SU_DS	hd_piratez	0	1	0	
ui	Subspace	hd_piratez	0	1	0	
ui	SUCCUBUS	hd_piratez	0	1	0	
ui	SUN_KNIGHT	hd_piratez	0	1	0	
ui	Supercore	hd_piratez	0	1	0	
ui	Suplex	hd_piratez	0	1	0	
ui	SX_1	hd_piratez	0	1	0	
ui	SYN_ADV_1	hd_piratez	0	1	0	
ui	Syn_Apoc	hd_piratez	0	1	0	
ui	Syn_Armor_CPAL	hd_piratez	0	1	0	
ui	Synth_Shy	hd_piratez	0	1	0	
ui	Synth_X3	hd_piratez	0	1	0	
ui	Synth_X4	hd_piratez	0	1	0	
ui	SynthMuscle_FG_408_CPAL	hd_piratez	0	1	0	
ui	Systems_1	hd_piratez	0	1	0	
ui	Systems_2	hd_piratez	0	1	0	
ui	Systems_3	hd_piratez	0	1	0	
ui	Szef	hd_piratez	0	1	0	
ui	TakeMeToYourDealer_CPAL	hd_piratez	0	1	0	
ui	Tank_Avenger	hd_piratez	0	1	0	
ui	TANK_KILLER	hd_piratez	0	1	0	
ui	Tankgirl	hd_piratez	0	1	0	
ui	TaserGal_CPAL	hd_piratez	0	1	0	
ui	Tec_Corpse	hd_piratez	0	1	0	
ui	TECHNOBARBARIAN	hd_piratez	0	1	0	
ui	Technocracy	hd_piratez	0	1	0	
ui	Teh_Gals	hd_piratez	0	1	0	
ui	Temple_Door	hd_piratez	0	1	0	
ui	Temple_of_the_Deep	hd_piratez	0	1	0	
ui	Tentacle_Torture_CPAL	hd_piratez	0	1	0	
ui	TENTACLEPET	hd_piratez	0	1	0	
ui	Termigal_CPAL	hd_piratez	0	1	0	
ui	Terminator	hd_piratez	0	1	0	
ui	The_Pit	hd_piratez	0	1	0	
ui	The_Silence	hd_piratez	0	1	0	
ui	Theban_Bar	hd_piratez	0	1	0	
ui	Thebes2	hd_piratez	0	1	0	
ui	Thermal	hd_piratez	0	1	0	
ui	ThermalVision_FG_354_CPAL	hd_piratez	0	1	0	
ui	TheUnderground_FG_CPAL	hd_piratez	0	1	0	
ui	THORNY	hd_piratez	0	1	0	
ui	Three_Sisters	hd_piratez	0	1	0	
ui	Tits_Deep	hd_piratez	0	1	0	
ui	ToMars	hd_piratez	0	1	0	
ui	Toppling_Towers_CPAL	hd_piratez	0	1	0	
ui	Tractor_Beams_CPAL	hd_piratez	0	1	0	
ui	Trade	hd_piratez	0	1	0	
ui	Trading_CPAL	hd_piratez	0	1	0	
ui	TRAPMASTER2_CPAL	hd_piratez	0	1	0	
ui	Treasure_Box_New_CPAL	hd_piratez	0	1	0	
ui	Trouble1_CPAL	hd_piratez	0	1	0	
ui	Trump_Card_CPAL	hd_piratez	0	1	0	
ui	Tsundere_CPAL	hd_piratez	0	1	0	
ui	Tube_CPAL	hd_piratez	0	1	0	
ui	Tunnel_C1	hd_piratez	0	1	0	
ui	Uber_Farming_2_CPAL	hd_piratez	0	1	0	
ui	Ultramarine	hd_piratez	0	1	0	
ui	UNCONSCIOUS	hd_piratez	0	1	0	
ui	UNDERFIRE	hd_piratez	0	1	0	
ui	UnderseaTower200_CPAL	hd_piratez	0	1	0	
ui	Underwater_9_CPAL	hd_piratez	0	1	0	
ui	Underwater_FG_47_CPAL	hd_piratez	0	1	0	
ui	UNMAGICA	hd_piratez	0	1	0	
ui	UNMAKER2_CPAL	hd_piratez	0	1	0	
ui	UPed_Academy_Civ	hd_piratez	0	1	0	
ui	UPed_Academy_Counsellor	hd_piratez	0	1	0	
ui	UPed_Academy_Engineer	hd_piratez	0	1	0	
ui	UPed_Academy_Esper	hd_piratez	0	1	0	
ui	UPed_Academy_Explorer	hd_piratez	0	1	0	
ui	UPed_Academy_Medic	hd_piratez	0	1	0	
ui	UPed_Academy_Nurse	hd_piratez	0	1	0	
ui	UPed_Academy_Pioneer	hd_piratez	0	1	0	
ui	UPed_Academy_Provost	hd_piratez	0	1	0	
ui	UPed_Academy_Scientist	hd_piratez	0	1	0	
ui	UPed_Academy_Security	hd_piratez	0	1	0	
ui	UPed_Academy_Student	hd_piratez	0	1	0	
ui	UPed_Academy_Thrall	hd_piratez	0	1	0	
ui	UPed_Animatron_Marauder	hd_piratez	0	1	0	
ui	UPed_Apoc_Disciple	hd_piratez	0	1	0	
ui	UPed_Apoc_Marauder	hd_piratez	0	1	0	
ui	UPed_Apoc_Sadist	hd_piratez	0	1	0	
ui	Uped_Aquaman	hd_piratez	0	1	0	
ui	UPed_Army_Airborne	hd_piratez	0	1	0	
ui	UPed_Army_Bamboo	hd_piratez	0	1	0	
ui	UPed_Army_Bolshoy	hd_piratez	0	1	0	
ui	UPed_Army_Bush	hd_piratez	0	1	0	
ui	UPed_Army_Chem	hd_piratez	0	1	0	
ui	UPed_Army_Dark	hd_piratez	0	1	0	
ui	UPed_Army_Empire	hd_piratez	0	1	0	
ui	UPed_Army_Hubb	hd_piratez	0	1	0	
ui	UPed_Army_Nord	hd_piratez	0	1	0	
ui	UPed_Army_Redcoat	hd_piratez	0	1	0	
ui	UPed_Army_RedRev	hd_piratez	0	1	0	
ui	UPed_Army_Rus	hd_piratez	0	1	0	
ui	UPed_Army_Steel	hd_piratez	0	1	0	
ui	UPed_Army_Theban	hd_piratez	0	1	0	
ui	UPed_Bandit_Boy	hd_piratez	0	1	0	
ui	UPed_Bandit_Dude	hd_piratez	0	1	0	
ui	UPed_Belter	hd_piratez	0	1	0	
ui	UPed_Black_Knight	hd_piratez	0	1	0	
ui	UPed_Bogeyman	hd_piratez	0	1	0	
ui	UPed_Brute_Boss	hd_piratez	0	1	0	
ui	UPed_Bullfrog	hd_piratez	0	1	0	
ui	UPed_Chupacabra	hd_piratez	0	1	0	
ui	UPed_Chupacabra_M	hd_piratez	0	1	0	
ui	UPed_Church_Beastmaster	hd_piratez	0	1	0	
ui	UPed_Church_Beastmaster_2	hd_piratez	0	1	0	
ui	UPed_Church_Boy	hd_piratez	0	1	0	
ui	UPed_Church_Cardinal	hd_piratez	0	1	0	
ui	UPed_Church_Civ	hd_piratez	0	1	0	
ui	UPed_Church_Elite	hd_piratez	0	1	0	
ui	UPed_Church_Handmaid	hd_piratez	0	1	0	
ui	UPed_Church_Maiden	hd_piratez	0	1	0	
ui	UPed_Church_Matron	hd_piratez	0	1	0	
ui	UPed_Church_Priest	hd_piratez	0	1	0	
ui	UPed_Church_Zealot	hd_piratez	0	1	0	
ui	UPed_Civ_Tribal	hd_piratez	0	1	0	
ui	UPed_Civ_Ubercowboy	hd_piratez	0	1	0	
ui	UPed_Civilian_Dorf	hd_piratez	0	1	0	
ui	UPed_Clerk	hd_piratez	0	1	0	
ui	UPed_Clickor	hd_piratez	0	1	0	
ui	UPed_Cyberhound	hd_piratez	0	1	0	
ui	UPed_Dark_Ones	hd_piratez	0	1	0	
ui	UPed_Deep_One_Berserker	hd_piratez	0	1	0	
ui	UPed_Doge	hd_piratez	0	1	0	
ui	UPed_Doomguy_Z	hd_piratez	0	1	0	
ui	UPed_Drifter	hd_piratez	0	1	0	
ui	UPed_ES_Agent	hd_piratez	0	1	0	
ui	UPed_Feral_Loknar	hd_piratez	0	1	0	
ui	UPed_Fussballer	hd_piratez	0	1	0	
ui	UPed_Ghoul	hd_piratez	0	1	0	
ui	UPed_Ghoul_Scientist	hd_piratez	0	1	0	
ui	UPed_Giant_Beetle	hd_piratez	0	1	0	
ui	UPed_Giantspider	hd_piratez	0	1	0	
ui	UPed_Giantspider_Queen	hd_piratez	0	1	0	
ui	UPed_Golden_Saint_CPAL	hd_piratez	0	1	0	
ui	UPed_Govt_Agent	hd_piratez	0	1	0	
ui	UPed_Govt_Colonel	hd_piratez	0	1	0	
ui	UPed_Govt_Detective	hd_piratez	0	1	0	
ui	UPed_Govt_Elite	hd_piratez	0	1	0	
ui	UPed_Govt_Enforcer	hd_piratez	0	1	0	
ui	UPed_Govt_General	hd_piratez	0	1	0	
ui	UPed_Govt_MP	hd_piratez	0	1	0	
ui	UPed_Govt_Officer	hd_piratez	0	1	0	
ui	UPed_Govt_Pilot	hd_piratez	0	1	0	
ui	UPed_Govt_Siren	hd_piratez	0	1	0	
ui	UPed_GunRunner	hd_piratez	0	1	0	
ui	UPed_HALLUCINOID	hd_piratez	0	1	0	
ui	UPed_HeavyCyborg	hd_piratez	0	1	0	
ui	UPed_Highwayman	hd_piratez	0	1	0	
ui	UPed_Hitman	hd_piratez	0	1	0	
ui	UPed_Hoe	hd_piratez	0	1	0	
ui	UPed_Human_14	hd_piratez	0	1	0	
ui	UPed_Human_3	hd_piratez	0	1	0	
ui	UPed_Human_5	hd_piratez	0	1	0	
ui	UPed_Human_8	hd_piratez	0	1	0	
ui	UPed_Human_9	hd_piratez	0	1	0	
ui	UPed_Human_Commando	hd_piratez	0	1	0	
ui	UPed_Human_Fem_12	hd_piratez	0	1	0	
ui	UPed_Human_Labourer	hd_piratez	0	1	0	
ui	UPed_Human_Labourer_Fem	hd_piratez	0	1	0	
ui	UPed_Human_Mage	hd_piratez	0	1	0	
ui	UPed_Humanist_KKK	hd_piratez	0	1	0	
ui	UPed_Humanist_Leader	hd_piratez	0	1	0	
ui	UPed_Humanist_Mage	hd_piratez	0	1	0	
ui	UPed_Humanist_Soldier	hd_piratez	0	1	0	
ui	UPed_Humanist_Stormtrooper	hd_piratez	0	1	0	
ui	UPed_Humanist_Supersoldier	hd_piratez	0	1	0	
ui	UPed_Humanist_Veteran	hd_piratez	0	1	0	
ui	UPed_Hybrid	hd_piratez	0	1	0	
ui	UPed_Marsec_Marine	hd_piratez	0	1	0	
ui	UPed_Marsec_MI	hd_piratez	0	1	0	
ui	UPed_Megapol_Apeman	hd_piratez	0	1	0	
ui	UPed_Megapol_Detective	hd_piratez	0	1	0	
ui	UPed_Megapol_Enforcer	hd_piratez	0	1	0	
ui	UPed_Megapol_Wolfman	hd_piratez	0	1	0	
ui	UPed_Megascorpion	hd_piratez	0	1	0	
ui	UPed_Megazombie	hd_piratez	0	1	0	
ui	UPed_Merc_Commander	hd_piratez	0	1	0	
ui	UPed_Merc_Commando	hd_piratez	0	1	0	
ui	UPed_Merc_Engineer	hd_piratez	0	1	0	
ui	UPed_Merc_Leader	hd_piratez	0	1	0	
ui	UPed_Merc_Soldier	hd_piratez	0	1	0	
ui	UPed_Merc_Stormy	hd_piratez	0	1	0	
ui	UPed_Mongorn	hd_piratez	0	1	0	
ui	UPed_Mutant_Brute	hd_piratez	0	1	0	
ui	UPed_Mutant_Female	hd_piratez	0	1	0	
ui	UPed_Mutant_Hybrid	hd_piratez	0	1	0	
ui	UPed_Mutant_Lamia	hd_piratez	0	1	0	
ui	UPed_Mutant_Male	hd_piratez	0	1	0	
ui	UPed_Mutant_Wretch	hd_piratez	0	1	0	
ui	UPed_Narlock_Leader	hd_piratez	0	1	0	
ui	UPed_Narlock_Soldier	hd_piratez	0	1	0	
ui	Uped_Necropirate	hd_piratez	0	1	0	
ui	UPed_Nekomimi_Renegade	hd_piratez	0	1	0	
ui	UPed_Ninja_Medic	hd_piratez	0	1	0	
ui	UPed_Noblewoman	hd_piratez	0	1	0	
ui	UPed_Nomad	hd_piratez	0	1	0	
ui	UPed_Ogre_Konvikt	hd_piratez	0	1	0	
ui	UPed_Osiron_Lad	hd_piratez	0	1	0	
ui	UPed_PE	hd_piratez	0	1	0	
ui	UPed_Punk	hd_piratez	0	1	0	
ui	Uped_Quad	hd_piratez	0	1	0	
ui	UPed_Raider_Boss	hd_piratez	0	1	0	
ui	UPed_Raider_Buzzard	hd_piratez	0	1	0	
ui	UPed_Raider_Firebat	hd_piratez	0	1	0	
ui	UPed_Raider_Flameguard	hd_piratez	0	1	0	
ui	UPed_Raider_Humongous	hd_piratez	0	1	0	
ui	UPed_Raider_Mudder	hd_piratez	0	1	0	
ui	UPed_Raider_Scout	hd_piratez	0	1	0	
ui	UPed_Raider_Sludgebringer	hd_piratez	0	1	0	
ui	UPed_Raider_Sludger	hd_piratez	0	1	0	
ui	UPed_Raider_Thug	hd_piratez	0	1	0	
ui	UPed_Ratman	hd_piratez	0	1	0	
ui	UPed_Ratman_Boss	hd_piratez	0	1	0	
ui	UPed_Ratman_Hunter	hd_piratez	0	1	0	
ui	UPed_RCF_Trooper	hd_piratez	0	1	0	
ui	UPed_RCF_Veteran	hd_piratez	0	1	0	
ui	UPed_Reaper_Cavalry	hd_piratez	0	1	0	
ui	UPed_Retbandit_Hybrid	hd_piratez	0	1	0	
ui	UPed_Retbandit_Siren	hd_piratez	0	1	0	
ui	UPed_Reticulan_Commando	hd_piratez	0	1	0	
ui	UPed_Robot_Maid	hd_piratez	0	1	0	
ui	UPed_Slave	hd_piratez	0	1	0	
ui	UPed_Slave_Brute	hd_piratez	0	1	0	
ui	UPed_Slave_Gladiatrix	hd_piratez	0	1	0	
ui	UPed_Slave_Magical	hd_piratez	0	1	0	
ui	UPed_Slave_Maid	hd_piratez	0	1	0	
ui	UPed_Slave_Manager	hd_piratez	0	1	0	
ui	UPed_Slave_Specialist	hd_piratez	0	1	0	
ui	Uped_Tomb_Guardian	hd_piratez	0	1	0	
ui	UPed_Tomb_Runner	hd_piratez	0	1	0	
ui	Uped_Tough_Gal	hd_piratez	0	1	0	
ui	UPed_Trader_Bodyguard	hd_piratez	0	1	0	
ui	UPed_Trader_Civ	hd_piratez	0	1	0	
ui	UPed_Trader_Engineer	hd_piratez	0	1	0	
ui	UPed_Trader_Exoguard	hd_piratez	0	1	0	
ui	UPed_Trader_Exterminator	hd_piratez	0	1	0	
ui	UPed_Trader_Guard	hd_piratez	0	1	0	
ui	UPed_Trader_Hostess	hd_piratez	0	1	0	
ui	UPed_Trader_Medic	hd_piratez	0	1	0	
ui	UPed_Trader_Rep	hd_piratez	0	1	0	
ui	UPed_Trader_Sailor	hd_piratez	0	1	0	
ui	UPed_Trader_Security	hd_piratez	0	1	0	
ui	UPed_Trader_Space_Tech	hd_piratez	0	1	0	
ui	UPed_Trader_Spaceman	hd_piratez	0	1	0	
ui	UPed_Trader_Team_Leader	hd_piratez	0	1	0	
ui	UPed_Transstellar_Navigator	hd_piratez	0	1	0	
ui	UPed_Transstellar_Officer	hd_piratez	0	1	0	
ui	UPed_Troublemaker	hd_piratez	0	1	0	
ui	UPed_Unavailable	hd_piratez	0	1	0	
ui	UPed_Vampire	hd_piratez	0	1	0	
ui	UPed_Vampire_Knight	hd_piratez	0	1	0	
ui	UPed_Vampiria	hd_piratez	0	1	0	
ui	UPed_Vault_Girl	hd_piratez	0	1	0	
ui	UPed_Vault_Guy	hd_piratez	0	1	0	
ui	UPed_Waspite_Black	hd_piratez	0	1	0	
ui	UPed_Werewolf	hd_piratez	0	1	0	
ui	UPed_XARQUID	hd_piratez	0	1	0	
ui	UPed_ZBOSS	hd_piratez	0	1	0	
ui	UPed_Zombie	hd_piratez	0	1	0	
ui	UPed_Zombie_Buster	hd_piratez	0	1	0	
ui	UPed_Zombie_Carrie	hd_piratez	0	1	0	
ui	UPed_Zombie_Grubas	hd_piratez	0	1	0	
ui	UPed_Zombie_Pimp	hd_piratez	0	1	0	
ui	UPed_Zombie_Sadako	hd_piratez	0	1	0	
ui	UPed_Zombie_Sentinel	hd_piratez	0	1	0	
ui	UPed_Zombie_Trooper	hd_piratez	0	1	0	
ui	usfacility	hd_piratez	0	1	0	
ui	USO	hd_piratez	0	1	0	
ui	Vacation	hd_piratez	0	1	0	
ui	Vampire	hd_piratez	0	1	0	
ui	Vampire_2	hd_piratez	0	1	0	
ui	Vampire_4	hd_piratez	0	1	0	
ui	Vampire_Knight	hd_piratez	0	1	0	
ui	Vampirella_Neo_CPAL	hd_piratez	0	1	0	
ui	VAULT	hd_piratez	0	1	0	
ui	Vault_People	hd_piratez	0	1	0	
ui	VeteranOfPsychicWars_CPAL	hd_piratez	0	1	0	
ui	VETGLAMOUR	hd_piratez	0	1	0	
ui	VETSOLDIER_CPAL	hd_piratez	0	1	0	
ui	Victory	hd_piratez	0	1	0	
ui	VIP_14	hd_piratez	0	1	0	
ui	VIP_15	hd_piratez	0	1	0	
ui	VIP_16_CPAL	hd_piratez	0	1	0	
ui	VIP_17_CPAL	hd_piratez	0	1	0	
ui	VIP_21	hd_piratez	0	1	0	
ui	VIP_23	hd_piratez	0	1	0	
ui	VIP_3	hd_piratez	0	1	0	
ui	VIP_4	hd_piratez	0	1	0	
ui	VIP_6	hd_piratez	0	1	0	
ui	VIP_8	hd_piratez	0	1	0	
ui	VIP_9	hd_piratez	0	1	0	
ui	VIP_CIO_CPAL	hd_piratez	0	1	0	
ui	VIP_Xenologist_CPAL	hd_piratez	0	1	0	
ui	VIPHUNTER	hd_piratez	0	1	0	
ui	VirtualCore	hd_piratez	0	1	0	
ui	Visions	hd_piratez	0	1	0	
ui	Void_Road	hd_piratez	0	1	0	
ui	VOIDKILL	hd_piratez	0	1	0	
ui	VR_Shock	hd_piratez	0	1	0	
ui	VSnake_Pedia	hd_piratez	0	1	0	
ui	WalkingThePlank_FG_167_CPAL	hd_piratez	0	1	0	
ui	WalkThePlank_Grok_83_CPAL	hd_piratez	0	1	0	
ui	Wanderer	hd_piratez	0	1	0	
ui	WAR1	hd_piratez	0	1	0	
ui	war_room_CPAL	hd_piratez	0	1	0	
ui	WarPlanet_CPAL	hd_piratez	0	1	0	
ui	WarriorGal_FG_512_CPAL	hd_piratez	0	1	0	
ui	WastelandGirl_FG_522_CPAL	hd_piratez	0	1	0	
ui	WastelandPriestess_FG_176	hd_piratez	0	1	0	
ui	WastelandPriestessA_FG_75M	hd_piratez	0	1	0	
ui	WastelandPriestessC_FG_77	hd_piratez	0	1	0	
ui	WastelandPriestessD_FG_78	hd_piratez	0	1	0	
ui	WayOfBeast_CPAL	hd_piratez	0	1	0	
ui	WayOfClaw_CPAL	hd_piratez	0	1	0	
ui	WayOfDeath_CPAL	hd_piratez	0	1	0	
ui	WayOfMissedStrike_CPAL	hd_piratez	0	1	0	
ui	WayOfPain_CPAL	hd_piratez	0	1	0	
ui	WayOfShadow_CPAL	hd_piratez	0	1	0	
ui	WayOfSunlight_CPAL	hd_piratez	0	1	0	
ui	WEAPON_PROFICIENCY	hd_piratez	0	1	0	
ui	Weaver	hd_piratez	0	1	0	
ui	Weebcam	hd_piratez	0	1	0	
ui	Weirdgal_FG_232_CPAL	hd_piratez	0	1	0	
ui	WEIRDSEEKER	hd_piratez	0	1	0	
ui	Wet_And_Red_CPAL	hd_piratez	0	1	0	
ui	WH210_CPAL	hd_piratez	0	1	0	
ui	WH221_CPAL	hd_piratez	0	1	0	
ui	Whirrrr_CPAL	hd_piratez	0	1	0	
ui	White_mage_2	hd_piratez	0	1	0	
ui	WhiteWormPed	hd_piratez	0	1	0	
ui	WildGnome_Marza1_CPAL	hd_piratez	0	1	0	
ui	Witch_2	hd_piratez	0	1	0	
ui	Witch_36_CPAL	hd_piratez	0	1	0	
ui	Witch_39_CPAL	hd_piratez	0	1	0	
ui	Witch_47	hd_piratez	0	1	0	
ui	Witch_48_CPAL	hd_piratez	0	1	0	
ui	Witch_60_CPAL	hd_piratez	0	1	0	
ui	Witch_Jupiter	hd_piratez	0	1	0	
ui	Witches2	hd_piratez	0	1	0	
ui	Wizard1	hd_piratez	0	1	0	
ui	WizResources_FG_442_CPAL	hd_piratez	0	1	0	
ui	Wojakbrain	hd_piratez	0	1	0	
ui	Wolverin_Ped	hd_piratez	0	1	0	
ui	Wolves	hd_piratez	0	1	0	
ui	WOMANOFCULTURE	hd_piratez	0	1	0	
ui	Wpns_1	hd_piratez	0	1	0	
ui	Wpns_2b	hd_piratez	0	1	0	
ui	WreckPed	hd_piratez	0	1	0	
ui	WRESTLER	hd_piratez	0	1	0	
ui	wtfbg_CPAL	hd_shared?	1	0	0	
ui	X-Wing_CPAL	hd_piratez	0	1	0	
ui	X01_Ped	hd_piratez	0	1	0	
ui	X02_Ped	hd_piratez	0	1	0	
ui	X03_Ped	hd_piratez	0	1	0	
ui	X04_Ped	hd_piratez	0	1	0	
ui	X06_Ped_CPAL	hd_piratez	0	1	0	
ui	X09_Ped	hd_piratez	0	1	0	
ui	X10_Ped	hd_piratez	0	1	0	
ui	X11_CPAL	hd_piratez	0	1	0	
ui	X12_Ped	hd_piratez	0	1	0	
ui	X13_Ped	hd_piratez	0	1	0	
ui	X15_Ped	hd_piratez	0	1	0	
ui	X16_Ped	hd_piratez	0	1	0	
ui	X17_Ped	hd_piratez	0	1	0	
ui	X20_Ped	hd_piratez	0	1	0	
ui	X23_Ped_CPAL	hd_piratez	0	1	0	
ui	X24_CPAL	hd_piratez	0	1	0	
ui	X25_Ped	hd_piratez	0	1	0	
ui	X26_Ped_CPAL	hd_piratez	0	1	0	
ui	X28_Ped	hd_piratez	0	1	0	
ui	X30_CPAL	hd_piratez	0	1	0	
ui	X33_Ped_CPAL	hd_piratez	0	1	0	
ui	X34_Ped	hd_piratez	0	1	0	
ui	X35_Ped	hd_piratez	0	1	0	
ui	X36_Ped	hd_piratez	0	1	0	
ui	X37_CPAL	hd_piratez	0	1	0	
ui	X38_Ped	hd_piratez	0	1	0	
ui	X39_Ped	hd_piratez	0	1	0	
ui	X41_Ped	hd_piratez	0	1	0	
ui	X42_Ped_CPAL	hd_piratez	0	1	0	
ui	X43_Ped	hd_piratez	0	1	0	
ui	X44_Ped_CPAL	hd_piratez	0	1	0	
ui	X45_Ped	hd_piratez	0	1	0	
ui	X46_Ped	hd_piratez	0	1	0	
ui	X47_Ped	hd_piratez	0	1	0	
ui	X48_Ped	hd_piratez	0	1	0	
ui	X49_Ped	hd_piratez	0	1	0	
ui	X50_CPAL	hd_piratez	0	1	0	
ui	X51_Ped	hd_piratez	0	1	0	
ui	X52_Ped_CPAL	hd_piratez	0	1	0	
ui	X53_Ped	hd_piratez	0	1	0	
ui	X55_Ped	hd_piratez	0	1	0	
ui	X56_Ped	hd_piratez	0	1	0	
ui	X57_Ped	hd_piratez	0	1	0	
ui	X58_CPAL	hd_piratez	0	1	0	
ui	X59_Ped	hd_piratez	0	1	0	
ui	X60_Ped	hd_piratez	0	1	0	
ui	X61_Ped	hd_piratez	0	1	0	
ui	X62_Ped	hd_piratez	0	1	0	
ui	X63_CPAL	hd_piratez	0	1	0	
ui	X64_Ped	hd_piratez	0	1	0	
ui	X65_Ped	hd_piratez	0	1	0	
ui	X66_Ped	hd_piratez	0	1	0	
ui	X67_Ped	hd_piratez	0	1	0	
ui	X68_Ped	hd_piratez	0	1	0	
ui	X69_CPAL	hd_piratez	0	1	0	
ui	X70_Ped	hd_piratez	0	1	0	
ui	X73_Ped	hd_piratez	0	1	0	
ui	X75_Ped	hd_piratez	0	1	0	
ui	X76_Ped	hd_piratez	0	1	0	
ui	X77_Ped	hd_piratez	0	1	0	
ui	X80_Ped	hd_piratez	0	1	0	
ui	X83_Ped	hd_piratez	0	1	0	
ui	X84_CPAL	hd_piratez	0	1	0	
ui	X85_Ped	hd_piratez	0	1	0	
ui	X88_Ped	hd_piratez	0	1	0	
ui	X89_Ped_CPAL	hd_piratez	0	1	0	
ui	X90_Ped	hd_piratez	0	1	0	
ui	X95_Ped	hd_piratez	0	1	0	
ui	X97_Ped	hd_piratez	0	1	0	
ui	X98_Ped	hd_piratez	0	1	0	
ui	X99_Ped	hd_piratez	0	1	0	
ui	X_Challenge_CPAL	hd_piratez	0	1	0	
ui	XC_095_CPAL	hd_piratez	0	1	0	
ui	XC_117	hd_piratez	0	1	0	
ui	XC_129_CPAL	hd_piratez	0	1	0	
ui	XC_155	hd_piratez	0	1	0	
ui	XC_184	hd_piratez	0	1	0	
ui	Xcom_Statue	hd_piratez	0	1	0	
ui	xcomagents	hd_shared?	1	0	0	
ui	xcomorigins	hd_shared?	1	0	0	
ui	xdreams_red_sun_sea_CPAL	hd_piratez	0	1	0	
ui	XX01	hd_piratez	0	1	0	
ui	XX03	hd_piratez	0	1	0	
ui	XX04	hd_piratez	0	1	0	
ui	XX05	hd_piratez	0	1	0	
ui	XX07	hd_piratez	0	1	0	
ui	XX12	hd_piratez	0	1	0	
ui	XX13_CPAL	hd_piratez	0	1	0	
ui	XX147	hd_piratez	0	1	0	
ui	XX15	hd_piratez	0	1	0	
ui	XX16	hd_piratez	0	1	0	
ui	XX19_CPAL	hd_piratez	0	1	0	
ui	XX20	hd_piratez	0	1	0	
ui	XX22	hd_piratez	0	1	0	
ui	XX23	hd_piratez	0	1	0	
ui	XX28_CPAL	hd_piratez	0	1	0	
ui	XX33	hd_piratez	0	1	0	
ui	XX35	hd_piratez	0	1	0	
ui	XX36	hd_piratez	0	1	0	
ui	XX39_CPAL	hd_piratez	0	1	0	
ui	XX41_CPAL	hd_piratez	0	1	0	
ui	XX42	hd_piratez	0	1	0	
ui	XX50	hd_piratez	0	1	0	
ui	XX51	hd_piratez	0	1	0	
ui	XX55	hd_piratez	0	1	0	
ui	XX57	hd_piratez	0	1	0	
ui	XX66_CPAL	hd_piratez	0	1	0	
ui	XX71	hd_piratez	0	1	0	
ui	XX72_CPAL	hd_piratez	0	1	0	
ui	XX74	hd_piratez	0	1	0	
ui	XX82_CPAL	hd_piratez	0	1	0	
ui	XXSniperNew1_CPAL	hd_piratez	0	1	0	
ui	Yig	hd_piratez	0	1	0	
ui	Yunny_CPAL	hd_piratez	0	1	0	
ui	Z_Pod	hd_piratez	0	1	0	
ui	ZanderFullUPED	hd_piratez	0	1	0	
ui	ZanderSmallDark	hd_piratez	0	1	0	
ui	ZanderSmallDark2	hd_piratez	0	1	0	
ui	ZEROGEE	hd_piratez	0	1	0	
ui	ZOMBI_REZ	hd_piratez	0	1	0	
ui	Zombie_Child	hd_piratez	0	1	0	
ui	Zombie_Dreams_2	hd_piratez	0	1	0	
ui	Zombie_School	hd_piratez	0	1	0	
ui	Zombie_Soldier_CPAL	hd_piratez	0	1	0	
ui	Zombie_Witch_1	hd_piratez	0	1	0	
ui	Zombie_Zombiegal	hd_piratez	0	1	0	
ui	ZOMBIEGAL	hd_piratez	0	1	0	
ui	zrbite	hd_shared?	1	0	0	
ui	ZrbiteReactor_AI_332_CPAL	hd_piratez	0	1	0	
font	FontBig.ttf	hd_core	0	0	0	independent of game data
font	FontFallback.ttf	hd_core	0	0	0	independent of game data
font	fonts/Curvy-Big.ttf	hd_core	0	0	0	independent of game data
font	fonts/Curvy-Small.ttf	hd_core	0	0	0	independent of game data
font	fonts/Exo2-Big.ttf	hd_core	0	0	0	independent of game data
font	fonts/Exo2-Small.ttf	hd_core	0	0	0	independent of game data
font	fonts/Jura-Big.ttf	hd_core	0	0	0	independent of game data
font	fonts/Jura-Small.ttf	hd_core	0	0	0	independent of game data
font	fonts/MPlusRounded-Big.ttf	hd_core	0	0	0	independent of game data
font	fonts/MPlusRounded-Small.ttf	hd_core	0	0	0	independent of game data
font	fonts/Pulse-Big.ttf	hd_core	0	0	0	independent of game data
font	fonts/Pulse-Small.ttf	hd_core	0	0	0	independent of game data
font	fonts/Rubik-Big.ttf	hd_core	0	0	0	independent of game data
font	fonts/Rubik-Small.ttf	hd_core	0	0	0	independent of game data
font	fonts/Unbounded-Big.ttf	hd_core	0	0	0	independent of game data
font	fonts/Unbounded-Small.ttf	hd_core	0	0	0	independent of game data
font	FontSmall.ttf	hd_core	0	0	0	independent of game data
fx	AUX_14MM_MOUNTED	hd_piratez	0	1	0	
fx	AUX_14MM_MOUNTED_ADV	hd_piratez	0	1	0	
fx	AUX_ACAR_WEAPON_105_RECOILLESS	hd_piratez	0	1	0	
fx	AUX_ACAR_WEAPON_14MM	hd_piratez	0	1	0	
fx	AUX_ACAR_WEAPON_2MG	hd_piratez	0	1	0	
fx	AUX_ACAR_WEAPON_AC25MM	hd_piratez	0	1	0	
fx	AUX_ACAR_WEAPON_AGL	hd_piratez	0	1	0	
fx	AUX_ACAR_WEAPON_FLAMER	hd_piratez	0	1	0	
fx	AUX_ACAR_WEAPON_HAVOK	hd_piratez	0	1	0	
fx	AUX_ACAR_WEAPON_HMG	hd_piratez	0	1	0	
fx	AUX_ACAR_WEAPON_LASCANNON	hd_piratez	0	1	0	
fx	AUX_ACAR_WEAPON_QUAD_RPG	hd_piratez	0	1	0	
fx	AUX_ACAR_WEAPON_TANK_FLAK	hd_piratez	0	1	0	
fx	AUX_ACAR_WEAPON_XGAUSS	hd_piratez	0	1	0	
fx	AUX_ACAR_WEAPON_XPLASMA	hd_piratez	0	1	0	
fx	AUX_ADRONE_WEAPON	hd_piratez	0	1	0	
fx	AUX_ANIMATRON_WEAPON	hd_piratez	0	1	0	
fx	AUX_AQUAMAN_WEAPON	hd_piratez	0	1	0	
fx	AUX_ATURRET_BIG_WEAPON	hd_piratez	0	1	0	
fx	AUX_ATURRET_SMALL_WEAPON	hd_piratez	0	1	0	
fx	AUX_AUTO_AXE	hd_piratez	0	1	0	
fx	AUX_BATTLE_BELL	hd_piratez	0	1	0	
fx	AUX_BEASTMASTER_WEAPON	hd_piratez	0	1	0	
fx	AUX_BEES_WEAPON	hd_piratez	0	1	0	
fx	AUX_BIG_TANK_TURRET_WEAPON	hd_piratez	0	1	0	
fx	AUX_BIOCHEMOGUN	hd_piratez	0	1	0	
fx	AUX_BIOPLASMA_CANNON	hd_piratez	0	1	0	
fx	AUX_BIOSUIT_WEAPON	hd_piratez	0	1	0	
fx	AUX_BLOOD_CLAWS	hd_piratez	0	1	0	
fx	AUX_BLOOD_FIST	hd_piratez	0	1	0	
fx	AUX_BLOOD_MAGIC	hd_piratez	0	1	0	
fx	AUX_BLOOD_STAR	hd_piratez	0	1	0	
fx	AUX_BONG	hd_piratez	0	1	0	
fx	AUX_BOOMOSAURUS_WEAPON	hd_piratez	0	1	0	
fx	AUX_BRIMSTONE_FLAMER	hd_piratez	0	1	0	
fx	AUX_BULLFROG_TONGUE	hd_piratez	0	1	0	
fx	AUX_BURNER	hd_piratez	0	1	0	
fx	AUX_CAT_CLAWS	hd_piratez	0	1	0	
fx	AUX_CELATID_WEAPON	hd_piratez	0	1	0	
fx	AUX_CHITIN_SHIELD	hd_piratez	0	1	0	
fx	AUX_CHUPACABRA_WEAPON	hd_piratez	0	1	0	
fx	AUX_COPTER_WEAPON_ARIFLE	hd_piratez	0	1	0	
fx	AUX_CRUSADER_SHIELD	hd_piratez	0	1	0	
fx	AUX_CYBERDISC_WEAPON	hd_piratez	0	1	0	
fx	AUX_DEADLY_CHARM	hd_piratez	0	1	0	
fx	AUX_DEMON_SUMMONING	hd_piratez	0	1	0	
fx	AUX_DOGE_BARK	hd_piratez	0	1	0	
fx	AUX_DOOM_CACODEMON_WEAPON	hd_piratez	0	1	0	
fx	AUX_DOOM_HELL_BARON_WEAPON	hd_piratez	0	1	0	
fx	AUX_DOOM_IMP_WEAPON	hd_piratez	0	1	0	
fx	AUX_DOOM_SOUL_WEAPON	hd_piratez	0	1	0	
fx	AUX_DOOM_SPIDERDEMON_WEAPON	hd_piratez	0	1	0	
fx	AUX_DREAMER_MEDUSA_WEAPON	hd_piratez	0	1	0	
fx	AUX_DRILL	hd_piratez	0	1	0	
fx	AUX_DRILL_RANGED	hd_piratez	0	1	0	
fx	AUX_DRONE_CYBERSCARAB_SPAWNER_1	hd_piratez	0	1	0	
fx	AUX_DRONE_RECON_SPAWNER_1	hd_piratez	0	1	0	
fx	AUX_ELECTRIC_EYE	hd_piratez	0	1	0	
fx	AUX_ELECTRIC_GLOVE	hd_piratez	0	1	0	
fx	AUX_ELECTRIC_TAIL	hd_piratez	0	1	0	
fx	AUX_ENERGY_SHIELD_FAKK	hd_piratez	0	1	0	
fx	AUX_EXTERMINATOR_AUTO_CANNON	hd_piratez	0	1	0	
fx	AUX_FLAMING_FISTO	hd_piratez	0	1	0	
fx	AUX_FORCE_LANCE	hd_piratez	0	1	0	
fx	AUX_GAUSS_AC_2	hd_piratez	0	1	0	
fx	AUX_GHOST_BEAM_GRAND	hd_piratez	0	1	0	
fx	AUX_GHOST_SEDUCTION	hd_piratez	0	1	0	
fx	AUX_GIANT_BEETLE_WEAPON	hd_piratez	0	1	0	
fx	AUX_GNOME_CANNON	hd_piratez	0	1	0	
fx	AUX_GNOME_NEEDLE	hd_piratez	0	1	0	
fx	AUX_GOLDEN_SAINT_WEAPON	hd_piratez	0	1	0	
fx	AUX_GORGON_SHIELD	hd_piratez	0	1	0	
fx	AUX_GOTHIC_SHIELD	hd_piratez	0	1	0	
fx	AUX_GREAT_SHIELD	hd_piratez	0	1	0	
fx	AUX_GREEN_ACID_SPIT	hd_piratez	0	1	0	
fx	AUX_HALLUCINOID_TENTACLE	hd_piratez	0	1	0	
fx	AUX_HAMMER_FISTO	hd_piratez	0	1	0	
fx	AUX_HANABU_WEAPON	hd_piratez	0	1	0	
fx	AUX_HDRONE_WEAPON	hd_piratez	0	1	0	
fx	AUX_HIDDEN_BLADE	hd_piratez	0	1	0	
fx	AUX_HOVERBIKE_LAUNCHERS	hd_piratez	0	1	0	
fx	AUX_HYBRID_PSI_WEAPON_THINMAN	hd_piratez	0	1	0	
fx	AUX_HYENA_WEAPON	hd_piratez	0	1	0	
fx	AUX_INNOCENCE	hd_piratez	0	1	0	
fx	AUX_IRON_WIND	hd_piratez	0	1	0	
fx	AUX_KILLBOT_LASER	hd_piratez	0	1	0	
fx	AUX_KNOIF_POISON	hd_piratez	0	1	0	
fx	AUX_LAMIA_BASIC_SHIELD	hd_piratez	0	1	0	
fx	AUX_LAMIA_HOPLITE_SHIELD	hd_piratez	0	1	0	
fx	AUX_LASER_EYE	hd_piratez	0	1	0	
fx	AUX_LASER_FIST	hd_piratez	0	1	0	
fx	AUX_LIGHTER	hd_piratez	0	1	0	
fx	AUX_LNG	hd_piratez	0	1	0	
fx	AUX_LUCKY_STAR	hd_piratez	0	1	0	
fx	AUX_MANACLES	hd_piratez	0	1	0	
fx	AUX_MANHACK_WEAPON	hd_piratez	0	1	0	
fx	AUX_MASTERMIND_BULLHORN	hd_piratez	0	1	0	
fx	AUX_MECHA_GRABBER	hd_piratez	0	1	0	
fx	AUX_MEDICAL_SHIELD	hd_piratez	0	1	0	
fx	AUX_MEDIPACK_HERBAL	hd_piratez	0	1	0	
fx	AUX_MEGASCORPION_WEAPON	hd_piratez	0	1	0	
fx	AUX_MRSHAN_PERSONAL_LAUNCHER	hd_piratez	0	1	0	
fx	AUX_NAUGHTY_TENTACLE	hd_piratez	0	1	0	
fx	AUX_ONI_FEAR	hd_piratez	0	1	0	
fx	AUX_PAINBRINGER	hd_piratez	0	1	0	
fx	AUX_PIR_TANK_TURRET_WEAPON	hd_piratez	0	1	0	
fx	AUX_POWER_FISTO	hd_piratez	0	1	0	
fx	AUX_POWER_TAIL	hd_piratez	0	1	0	
fx	AUX_PRED_CLAWS	hd_piratez	0	1	0	
fx	AUX_PURPLE_ACID_SPIT	hd_piratez	0	1	0	
fx	AUX_PURR_PURR	hd_piratez	0	1	0	
fx	AUX_PYRAMID_EYE	hd_piratez	0	1	0	
fx	AUX_RAPIER	hd_piratez	0	1	0	
fx	AUX_RATMEISTER_STAFF	hd_piratez	0	1	0	
fx	AUX_RATT_WEAPON	hd_piratez	0	1	0	
fx	AUX_REDMAGE_DAGGER	hd_piratez	0	1	0	
fx	AUX_RETRIBUTION_LAUNCHER	hd_piratez	0	1	0	
fx	AUX_ROBOT_FIST	hd_piratez	0	1	0	
fx	AUX_ROBO_PARROT_BEAK	hd_piratez	0	1	0	
fx	AUX_ROCK_T	hd_piratez	0	1	0	
fx	AUX_ROMAN_SHIELD	hd_piratez	0	1	0	
fx	AUX_ROSARIUS	hd_piratez	0	1	0	
fx	AUX_ROSARIUS_REPENTIA	hd_piratez	0	1	0	
fx	AUX_ROSARIUS_REPENTIA_DREAMLANDS	hd_piratez	0	1	0	
fx	AUX_ROTOGUN	hd_piratez	0	1	0	
fx	AUX_ROTOGUN_HEAVY	hd_piratez	0	1	0	
fx	AUX_ROTOGUN_HEAVY_ENEMY	hd_piratez	0	1	0	
fx	AUX_ROUND_SHIELD	hd_piratez	0	1	0	
fx	AUX_SAINT_FISTO	hd_piratez	0	1	0	
fx	AUX_SECTOPOD_ADVANCED_WEAPON_1	hd_piratez	0	1	0	
fx	AUX_SECTOPOD_WEAPON	hd_piratez	0	1	0	
fx	AUX_SENTINEL_SHIELD	hd_piratez	0	1	0	
fx	AUX_SENTINEL_WEAPON	hd_piratez	0	1	0	
fx	AUX_SHOCKAFIST	hd_piratez	0	1	0	
fx	AUX_SHOOTA_MK3	hd_piratez	0	1	0	
fx	AUX_SHUTTLE_ATURRET_WEAPON	hd_piratez	0	1	0	
fx	AUX_SILACOID_WEAPON	hd_piratez	0	1	0	
fx	AUX_SILACOID_WEAPON_MELEE	hd_piratez	0	1	0	
fx	AUX_SKELETON_CLAWS	hd_piratez	0	1	0	
fx	AUX_SKULL_SHIELD	hd_piratez	0	1	0	
fx	AUX_SLIME_TENTACLES	hd_piratez	0	1	0	
fx	AUX_SMALL_SHIELD	hd_piratez	0	1	0	
fx	AUX_SPIRIT_FLAMES	hd_piratez	0	1	0	
fx	AUX_STRIX_WEAPON	hd_piratez	0	1	0	
fx	AUX_SUPER_MEDIPACK	hd_piratez	0	1	0	
fx	AUX_SYNTH_TAIL	hd_piratez	0	1	0	
fx	AUX_TANK_2MG_WEAPON	hd_piratez	0	1	0	
fx	AUX_TANK_2MG_WEAPON_TURRETED	hd_piratez	0	1	0	
fx	AUX_TANK_AC25MM_WEAPON	hd_piratez	0	1	0	
fx	AUX_TANK_AUTOCANNON	hd_piratez	0	1	0	
fx	AUX_TANK_AUTO_MORTAR	hd_piratez	0	1	0	
fx	AUX_TANK_CANNON	hd_piratez	0	1	0	
fx	AUX_TANK_GAUSS	hd_piratez	0	1	0	
fx	AUX_TANK_HMG_WEAPON	hd_piratez	0	1	0	
fx	AUX_TANK_LASER	hd_piratez	0	1	0	
fx	AUX_TANK_LASER_CANNON	hd_piratez	0	1	0	
fx	AUX_TANK_LASER_WEAPON	hd_piratez	0	1	0	
fx	AUX_TANK_LIGHT_MINIGUN_WEAPON	hd_piratez	0	1	0	
fx	AUX_TANK_MG	hd_piratez	0	1	0	
fx	AUX_TANK_PSI_CANNON	hd_piratez	0	1	0	
fx	AUX_TANK_ROCKET_LAUNCHER	hd_piratez	0	1	0	
fx	AUX_TANK_TURRETED_AC25MM_WEAPON	hd_piratez	0	1	0	
fx	AUX_TANK_WEAPON_GRENADES	hd_piratez	0	1	0	
fx	AUX_TASOTH_WEAPON	hd_piratez	0	1	0	
fx	AUX_TEC_0_WEAPON	hd_piratez	0	1	0	
fx	AUX_TEC_3_WEAPON	hd_piratez	0	1	0	
fx	AUX_TEC_6_WEAPON	hd_piratez	0	1	0	
fx	AUX_TK_MAGE_HAND	hd_piratez	0	1	0	
fx	AUX_TOME_LIGHTNING	hd_piratez	0	1	0	
fx	AUX_TOWER_SHIELD	hd_piratez	0	1	0	
fx	AUX_TURRET_MINIGUN_TERRORIST_SPAWNER_1	hd_piratez	0	1	0	
fx	AUX_UAC_CHAINGUN_CURSED	hd_piratez	0	1	0	
fx	AUX_UAC_PISTOL_CURSED	hd_piratez	0	1	0	
fx	AUX_UAC_PLASMAGUN_CURSED	hd_piratez	0	1	0	
fx	AUX_UAC_RIFLE_CURSED	hd_piratez	0	1	0	
fx	AUX_UAC_SHOTGUN_CURSED	hd_piratez	0	1	0	
fx	AUX_VAMPBAT_WEAPON	hd_piratez	0	1	0	
fx	AUX_WARP_AC_2	hd_piratez	0	1	0	
fx	AUX_WARP_BLADE	hd_piratez	0	1	0	
fx	AUX_WARP_CLAWS	hd_piratez	0	1	0	
fx	AUX_WERE_CLAWS	hd_piratez	0	1	0	
fx	AUX_WOLVERIN_WEAPON_ELECTRIFIER	hd_piratez	0	1	0	
fx	AUX_WOLVERIN_WEAPON_MINIGUN	hd_piratez	0	1	0	
fx	AUX_WOLVERIN_WEAPON_RPG	hd_piratez	0	1	0	
fx	AUX_WRENCH	hd_piratez	0	1	0	
fx	AUX_XARQUID_GRAPPLE	hd_piratez	0	1	0	
fx	AUX_XARQUID_WEAPON	hd_piratez	0	1	0	
fx	AUX_XEC_WEAPON_QUAD_LASCANNON	hd_piratez	0	1	0	
fx	AUX_XEC_WEAPON_TWIN_LASCANNON	hd_piratez	0	1	0	
fx	AUX_XEC_WEAPON_TWIN_XGAUSS	hd_piratez	0	1	0	
fx	AUX_XEC_WEAPON_TWIN_XPLASMA	hd_piratez	0	1	0	
fx	AUX_XTANK_AUTOCANNON_WEAPON	hd_piratez	0	1	0	
fx	AUX_XTANK_CANNON_WEAPON	hd_piratez	0	1	0	
fx	AUX_XTANK_GAUSS_WEAPON	hd_piratez	0	1	0	
fx	AUX_XTURRET_14MMCHAINGUN_WEAPON	hd_piratez	0	1	0	
fx	AUX_XTURRET_CANNON_WEAPON	hd_piratez	0	1	0	
fx	AUX_XTURRET_GAUSS_WEAPON	hd_piratez	0	1	0	
fx	AUX_XTURRET_LASER_WEAPON	hd_piratez	0	1	0	
fx	AUX_XTURRET_PLASMA_GATLING_WEAPON	hd_piratez	0	1	0	
fx	AUX_XTURRET_PLASMA_WEAPON	hd_piratez	0	1	0	
fx	CELATID_WEAPON	hd_shared?	1	0	1	same rule name in X-Com Files: check in the game
fx	CYBERDISC_WEAPON	hd_shared?	1	0	1	same rule name in X-Com Files: check in the game
fx	CYCLOPS_GAZE	hd_piratez	0	1	0	
fx	ETHEREAL_WEAPON	hd_piratez	0	1	0	
fx	LOBSTER_CLAWS	hd_piratez	0	1	0	
fx	SECTOPOD_WEAPON	hd_shared?	1	0	1	same rule name in X-Com Files: check in the game
fx	SPC_BANE_SPEAKER	hd_piratez	0	1	0	
fx	SPC_CUM_OR_ELSE	hd_piratez	0	1	0	
fx	SPC_DA_HOWL	hd_piratez	0	1	0	
fx	SPC_OCCULAR	hd_piratez	0	1	0	
fx	SPC_PURPLE_ACID_SPIT_WEAK	hd_piratez	0	1	0	
fx	STR_105_RECOILLESS_ROUNDS	hd_piratez	0	1	0	
fx	STR_105_RECOILLESS_ROUNDS_PS	hd_piratez	0	1	0	
fx	STR_14MM_CHAINGUN_ROUNDS	hd_piratez	0	1	0	
fx	STR_3RL	hd_piratez	0	1	0	
fx	STR_3RL_FUSION	hd_piratez	0	1	0	
fx	STR_3RL_HE	hd_piratez	0	1	0	
fx	STR_3RL_NUKE	hd_piratez	0	1	0	
fx	STR_ABC_GUN	hd_piratez	0	1	0	
fx	STR_ACAR_LASCANNON_CLIP_AP	hd_piratez	0	1	0	
fx	STR_ACAR_LASCANNON_CLIP_HI	hd_piratez	0	1	0	
fx	STR_ACAR_LASCANNON_CLIP_LO	hd_piratez	0	1	0	
fx	STR_ACAR_XGAUSS_AMMO	hd_piratez	0	1	0	
fx	STR_ACAR_XPLASMA_BATTS	hd_piratez	0	1	0	
fx	STR_ACCURSED_SWILL	hd_piratez	0	1	0	
fx	STR_ACID_FLASK_A	hd_piratez	0	1	0	
fx	STR_ACID_GRENADE	hd_piratez	0	1	0	
fx	STR_AC_AP_AMMO	hd_shared?	1	0	1	same rule name in X-Com Files: check in the game
fx	STR_AC_AQUA_AMMO	hd_piratez	0	1	0	
fx	STR_AC_CRY_AMMO	hd_piratez	0	1	0	
fx	STR_AC_HEX_AMMO	hd_piratez	0	1	0	
fx	STR_AC_HE_AMMO	hd_shared?	1	0	1	same rule name in X-Com Files: check in the game
fx	STR_AC_I_AMMO	hd_shared?	1	0	1	same rule name in X-Com Files: check in the game
fx	STR_AC_PS_AMMO	hd_piratez	0	1	0	
fx	STR_AGL	hd_piratez	0	1	0	
fx	STR_AGL_CLIP	hd_piratez	0	1	0	
fx	STR_AGL_CLIP_NAPALM	hd_piratez	0	1	0	
fx	STR_AIR_MUSKET	hd_piratez	0	1	0	
fx	STR_ALIEN_GRENADE	hd_shared?	1	0	1	same rule name in X-Com Files: check in the game
fx	STR_ALPHA_RIFLE	hd_piratez	0	1	0	
fx	STR_ALPHA_RIFLE_CLIP	hd_piratez	0	1	0	
fx	STR_AM_BALLS_ACID	hd_piratez	0	1	0	
fx	STR_AM_BALLS_EMP	hd_piratez	0	1	0	
fx	STR_AM_BALLS_GAS	hd_piratez	0	1	0	
fx	STR_AM_BALLS_HELL	hd_piratez	0	1	0	
fx	STR_AM_BALLS_I	hd_piratez	0	1	0	
fx	STR_AM_BALLS_SMOKE	hd_piratez	0	1	0	
fx	STR_AM_BALLS_STUN	hd_piratez	0	1	0	
fx	STR_ANARCHY_BOMB	hd_piratez	0	1	0	
fx	STR_ANCHOR	hd_piratez	0	1	0	
fx	STR_ANUS	hd_piratez	0	1	0	
fx	STR_AQUA_HATCHET	hd_piratez	0	1	0	
fx	STR_AQUA_TRIDENT	hd_piratez	0	1	0	
fx	STR_ARCANE_RAY	hd_piratez	0	1	0	
fx	STR_ASG12	hd_piratez	0	1	0	
fx	STR_ASG12_DRUM	hd_piratez	0	1	0	
fx	STR_ASG12_DRUM_RUBBER	hd_piratez	0	1	0	
fx	STR_ASMG	hd_piratez	0	1	0	
fx	STR_ASMG_CLIP	hd_piratez	0	1	0	
fx	STR_ASMG_CLIP_HVAP	hd_piratez	0	1	0	
fx	STR_ASSAULT_LASER	hd_piratez	0	1	0	
fx	STR_ASUKA_RIFLE	hd_piratez	0	1	0	
fx	STR_ASUKA_RIFLE_CLIP	hd_piratez	0	1	0	
fx	STR_ATGM	hd_piratez	0	1	0	
fx	STR_ATGM_ROUND	hd_piratez	0	1	0	
fx	STR_ATG_RIFLE	hd_piratez	0	1	0	
fx	STR_ATG_RIFLE_ROUND	hd_piratez	0	1	0	
fx	STR_AT_RIFLE	hd_piratez	0	1	0	
fx	STR_AT_RIFLE_ROUND	hd_piratez	0	1	0	
fx	STR_AT_ROCKET	hd_piratez	0	1	0	
fx	STR_AUTO_AXE	hd_piratez	0	1	0	
fx	STR_AUTO_CANNON	hd_shared?	1	0	1	same rule name in X-Com Files: check in the game
fx	STR_AUTO_LASER	hd_piratez	0	1	0	
fx	STR_AUTO_LASER_CLIP_AP	hd_piratez	0	1	0	
fx	STR_AUTO_LASER_CLIP_HI	hd_piratez	0	1	0	
fx	STR_AUTO_LASER_CLIP_LO	hd_piratez	0	1	0	
fx	STR_AUTO_RIFLE	hd_piratez	0	1	0	
fx	STR_AX	hd_piratez	0	1	0	
fx	STR_AZTEC_CLUB	hd_piratez	0	1	0	
fx	STR_BABY_BOOMER	hd_piratez	0	1	0	
fx	STR_BABY_NUKE	hd_piratez	0	1	0	
fx	STR_BABY_NUKE_TIMED	hd_piratez	0	1	0	
fx	STR_BAGPIPES	hd_piratez	0	1	0	
fx	STR_BALLISTA	hd_piratez	0	1	0	
fx	STR_BALLISTA_BOLTS	hd_piratez	0	1	0	
fx	STR_BAMBOO	hd_piratez	0	1	0	
fx	STR_BANE_BLADE	hd_piratez	0	1	0	
fx	STR_BARBARIAN_AX	hd_piratez	0	1	0	
fx	STR_BARBARIAN_SWORD	hd_piratez	0	1	0	
fx	STR_BARDICHE	hd_shared?	1	0	0	same rule name in X-Com Files: check in the game
fx	STR_BARREL_BOMB	hd_piratez	0	1	0	
fx	STR_BARREL_NUKE	hd_piratez	0	1	0	
fx	STR_BATON	hd_piratez	0	1	0	
fx	STR_BATTLE_AX	hd_piratez	0	1	0	
fx	STR_BATTLE_LASER	hd_piratez	0	1	0	
fx	STR_BATTLE_PLASMA	hd_piratez	0	1	0	
fx	STR_BATTLE_PLASMA_CLIP	hd_piratez	0	1	0	
fx	STR_BATTLE_RIFLE	hd_piratez	0	1	0	
fx	STR_BATTLE_RIFLE_CLIP	hd_piratez	0	1	0	
fx	STR_BATTLE_RIFLE_CLIP_AP	hd_piratez	0	1	0	
fx	STR_BATTLE_RIFLE_CLIP_PS	hd_piratez	0	1	0	
fx	STR_BATTO	hd_piratez	0	1	0	
fx	STR_BATTO_MAGIC	hd_piratez	0	1	0	
fx	STR_BFG	hd_piratez	0	1	0	
fx	STR_BFG_BATTERY	hd_piratez	0	1	0	
fx	STR_BIG_BONE	hd_shared?	1	0	0	same rule name in X-Com Files: check in the game
fx	STR_BIG_RIFLE	hd_piratez	0	1	0	
fx	STR_BILLHOOK	hd_shared?	1	0	0	same rule name in X-Com Files: check in the game
fx	STR_BIOFRESH_GUN	hd_piratez	0	1	0	
fx	STR_BIOPLASMA_RIFLE	hd_piratez	0	1	0	
fx	STR_BIO_FLASK_A	hd_piratez	0	1	0	
fx	STR_BLACK_ADDER	hd_piratez	0	1	0	
fx	STR_BLACK_CAT	hd_piratez	0	1	0	
fx	STR_BLACK_DRAGON_PLASMAGUN	hd_piratez	0	1	0	
fx	STR_BLACK_DRAGON_PLASMAGUN_CLIP	hd_piratez	0	1	0	
fx	STR_BLASTER_BOMB	hd_shared?	1	0	1	same rule name in X-Com Files: check in the game
fx	STR_BLASTER_LAUNCHER	hd_shared?	1	0	1	same rule name in X-Com Files: check in the game
fx	STR_BLASTER_MULTI_BOMB	hd_shared?	1	0	0	same rule name in X-Com Files: check in the game
fx	STR_BLASTER_MULTI_LAUNCHER	hd_shared?	1	0	0	same rule name in X-Com Files: check in the game
fx	STR_BLIZZARD_LAUNCHER	hd_piratez	0	1	0	
fx	STR_BLIZZARD_SHELLS_HE	hd_piratez	0	1	0	
fx	STR_BLIZZARD_SHELLS_I	hd_piratez	0	1	0	
fx	STR_BLIZZARD_SHELLS_JUMPMINES	hd_piratez	0	1	0	
fx	STR_BLIZZARD_SHELLS_SMOKE	hd_piratez	0	1	0	
fx	STR_BLOOD_AX	hd_piratez	0	1	0	
fx	STR_BLOWPIPE	hd_piratez	0	1	0	
fx	STR_BLOWPIPE_DARTS_ACID	hd_piratez	0	1	0	
fx	STR_BLUNDERBUSS	hd_piratez	0	1	0	
fx	STR_BLUNDERBUSS_ADV	hd_piratez	0	1	0	
fx	STR_BLUNDERBUSS_AMMO	hd_piratez	0	1	0	
fx	STR_BLUNDERBUSS_AMMO_ACID	hd_piratez	0	1	0	
fx	STR_BLUNDERBUSS_AMMO_HE	hd_piratez	0	1	0	
fx	STR_BLUNDERBUSS_DRUM_ACID	hd_piratez	0	1	0	
fx	STR_BLUNDERBUSS_DRUM_GOLD	hd_piratez	0	1	0	
fx	STR_BLUNDERBUSS_DRUM_HE	hd_piratez	0	1	0	
fx	STR_BM_RIFLE	hd_piratez	0	1	0	
fx	STR_BM_RIFLE_CLIP	hd_piratez	0	1	0	
fx	STR_BOATHOOK	hd_piratez	0	1	0	
fx	STR_BONE_CLUB	hd_shared?	1	0	0	same rule name in X-Com Files: check in the game
fx	STR_BONE_SHIELD	hd_piratez	0	1	0	
fx	STR_BOOM_AMMO	hd_piratez	0	1	0	
fx	STR_BOOM_FRUIT	hd_piratez	0	1	0	
fx	STR_BOOM_GUN	hd_piratez	0	1	0	
fx	STR_BOOM_KEG	hd_piratez	0	1	0	
fx	STR_BOOTLEG_HEAVY_PLASMA	hd_piratez	0	1	0	
fx	STR_BOOTLEG_PLASMA_PISTOL	hd_piratez	0	1	0	
fx	STR_BOOTLEG_PLASMA_RIFLE	hd_piratez	0	1	0	
fx	STR_BOOTLEG_PLASMA_SUB	hd_piratez	0	1	0	
fx	STR_BORING_PISTOL	hd_piratez	0	1	0	
fx	STR_BOW	hd_shared?	1	0	0	same rule name in X-Com Files: check in the game
fx	STR_BOW_ARROWS_HE	hd_piratez	0	1	0	
fx	STR_BOW_ARROWS_HEX	hd_piratez	0	1	0	
fx	STR_BOW_H	hd_piratez	0	1	0	
fx	STR_BOW_H_QUIVER	hd_piratez	0	1	0	
fx	STR_BOW_H_QUIVER_FIRE	hd_piratez	0	1	0	
fx	STR_BOW_H_QUIVER_POISON	hd_piratez	0	1	0	
fx	STR_BOW_NEON	hd_piratez	0	1	0	
fx	STR_BOW_PRIMITIVE	hd_piratez	0	1	0	
fx	STR_BOW_QUIVER	hd_shared?	1	0	0	same rule name in X-Com Files: check in the game
fx	STR_BOW_QUIVER_AQUA	hd_piratez	0	1	0	
fx	STR_BOW_QUIVER_PS	hd_piratez	0	1	0	
fx	STR_BOW_QUIVER_STUN	hd_piratez	0	1	0	
fx	STR_BOZAR	hd_piratez	0	1	0	
fx	STR_BOZAR_CLIP	hd_piratez	0	1	0	
fx	STR_BOZAR_CLIP_HVAP	hd_piratez	0	1	0	
fx	STR_BREACHING_CHARGE	hd_piratez	0	1	0	
fx	STR_BUCKSHOT	hd_piratez	0	1	0	
fx	STR_BUCKSHOT_ACID	hd_piratez	0	1	0	
fx	STR_BUCKSHOT_HV	hd_piratez	0	1	0	
fx	STR_BUCKSHOT_I2	hd_piratez	0	1	0	
fx	STR_BUCKSHOT_NUKE	hd_piratez	0	1	0	
fx	STR_BUTCHER_CLEAVER	hd_piratez	0	1	0	
fx	STR_CANISTER_GUN	hd_shared?	1	0	0	same rule name in X-Com Files: check in the game
fx	STR_CANISTER_GUN_CLIP	hd_piratez	0	1	0	
fx	STR_CANISTER_GUN_CLIP_G	hd_piratez	0	1	0	
fx	STR_CANISTER_GUN_CLIP_I	hd_shared?	1	0	0	same rule name in X-Com Files: check in the game
fx	STR_CATTLE_PROD	hd_piratez	0	1	0	
fx	STR_CAT_PAWS	hd_piratez	0	1	0	
fx	STR_CAWS	hd_shared?	1	0	0	same rule name in X-Com Files: check in the game
fx	STR_CAWS_CLIP_AP	hd_shared?	1	0	0	same rule name in X-Com Files: check in the game
fx	STR_CAWS_CLIP_AQUA	hd_piratez	0	1	0	
fx	STR_CAWS_CLIP_S	hd_piratez	0	1	0	
fx	STR_CD_CANNON	hd_piratez	0	1	0	
fx	STR_CD_CANNON_CLIP	hd_piratez	0	1	0	
fx	STR_CD_PISTOL	hd_piratez	0	1	0	
fx	STR_CD_PISTOL_CLIP	hd_piratez	0	1	0	
fx	STR_CD_RIFLE	hd_piratez	0	1	0	
fx	STR_CD_RIFLE_CLIP	hd_piratez	0	1	0	
fx	STR_CELATID_ESSENCE	hd_piratez	0	1	0	
fx	STR_CERO	hd_shared?	1	0	0	same rule name in X-Com Files: check in the game
fx	STR_CHAINGUN	hd_piratez	0	1	0	
fx	STR_CHAINGUN_CLIP	hd_shared?	1	0	0	same rule name in X-Com Files: check in the game
fx	STR_CHAINGUN_CLIP_HEX	hd_piratez	0	1	0	
fx	STR_CHAINSAW	hd_shared?	1	0	0	same rule name in X-Com Files: check in the game
fx	STR_CHAINSAW_HEAVY	hd_piratez	0	1	0	
fx	STR_CHAINSAW_LOLI	hd_piratez	0	1	0	
fx	STR_CHAOS_DAGGER	hd_piratez	0	1	0	
fx	STR_CHITIN_KNIFE	hd_shared?	1	0	0	same rule name in X-Com Files: check in the game
fx	STR_CLAW	hd_piratez	0	1	0	
fx	STR_CLOCKWORK_GUN	hd_piratez	0	1	0	
fx	STR_COACH_GUN	hd_piratez	0	1	0	
fx	STR_COBRA_STAFF	hd_piratez	0	1	0	
fx	STR_COCONUT	hd_piratez	0	1	0	
fx	STR_COLT45	hd_shared?	1	0	0	same rule name in X-Com Files: check in the game
fx	STR_COLT45_CLIP	hd_shared?	1	0	0	same rule name in X-Com Files: check in the game
fx	STR_COLT45_CLIP_EP	hd_piratez	0	1	0	
fx	STR_COLT45_CLIP_SLAYER	hd_piratez	0	1	0	
fx	STR_COMBAT_SHOTGUN	hd_piratez	0	1	0	
fx	STR_COMBAT_SHOTGUN_B	hd_piratez	0	1	0	
fx	STR_COMBAT_SHOTGUN_DRUM	hd_piratez	0	1	0	
fx	STR_COMBAT_SHOTGUN_DRUM_I	hd_piratez	0	1	0	
fx	STR_COMMANDO_PISTOL	hd_piratez	0	1	0	
fx	STR_COMMANDO_PISTOL_CLIP	hd_piratez	0	1	0	
fx	STR_COMMANDO_RIFLE	hd_piratez	0	1	0	
fx	STR_COMMANDO_RIFLE_CLIP	hd_piratez	0	1	0	
fx	STR_COMMANDO_RIFLE_CLIP_HVAP	hd_piratez	0	1	0	
fx	STR_COMPACT_CARBINE	hd_piratez	0	1	0	
fx	STR_CONCEALABLE_RR	hd_piratez	0	1	0	
fx	STR_CONCEALABLE_RR_SHELLS	hd_piratez	0	1	0	
fx	STR_COOKER	hd_piratez	0	1	0	
fx	STR_COOKER_CLIP	hd_piratez	0	1	0	
fx	STR_COV	hd_piratez	0	1	0	
fx	STR_COVERT_OPS_RIFLE	hd_piratez	0	1	0	
fx	STR_COVERT_OPS_RIFLE_CLIP	hd_piratez	0	1	0	
fx	STR_CREMATOR_GUN	hd_piratez	0	1	0	
fx	STR_CREMATOR_ROUNDS	hd_piratez	0	1	0	
fx	STR_CROWBAR	hd_shared?	1	0	0	same rule name in X-Com Files: check in the game
fx	STR_CRY_GRENADE	hd_piratez	0	1	0	
fx	STR_CS_GAS	hd_piratez	0	1	0	
fx	STR_CUPID_GUN	hd_piratez	0	1	0	
fx	STR_CUTLASS	hd_piratez	0	1	0	
fx	STR_CYCLOPS_CONVERT	hd_piratez	0	1	0	
fx	STR_DART_PISTOL	hd_shared?	1	0	0	same rule name in X-Com Files: check in the game
fx	STR_DART_PISTOL_CLIP	hd_piratez	0	1	0	
fx	STR_DART_PISTOL_CLIP_BASIC	hd_piratez	0	1	0	
fx	STR_DAVY_CROCKET	hd_piratez	0	1	0	
fx	STR_DAZZLING_DISC	hd_piratez	0	1	0	
fx	STR_DB_SHOTGUN	hd_piratez	0	1	0	
fx	STR_DC_SHELL	hd_piratez	0	1	0	
fx	STR_DEATHBLADE	hd_piratez	0	1	0	
fx	STR_DEATH_BLASTER	hd_piratez	0	1	0	
fx	STR_DEATH_BLOSSOM	hd_piratez	0	1	0	
fx	STR_DEATH_BLOSSOM_CLIP_ACID	hd_piratez	0	1	0	
fx	STR_DEATH_BLOSSOM_CLIP_AP	hd_piratez	0	1	0	
fx	STR_DEATH_BLOSSOM_CLIP_HVAP	hd_piratez	0	1	0	
fx	STR_DEATH_TRAP_242	hd_piratez	0	1	0	
fx	STR_DEMONIC_ESSENCE	hd_piratez	0	1	0	
fx	STR_DEMONIC_INCURSION	hd_piratez	0	1	0	
fx	STR_DESTROPORTAL	hd_piratez	0	1	0	
fx	STR_DESTRUCTOR_RIFLE	hd_piratez	0	1	0	
fx	STR_DESTRUCTOR_RIFLE_CLIP	hd_piratez	0	1	0	
fx	STR_DISCIPLINER	hd_piratez	0	1	0	
fx	STR_DIVINE_BOLT	hd_piratez	0	1	0	
fx	STR_DOCTOR_X_A70	hd_piratez	0	1	0	
fx	STR_DOCTOR_X_KNIGHT_50	hd_piratez	0	1	0	
fx	STR_DOCTOR_X_KNIGHT_60	hd_piratez	0	1	0	
fx	STR_DOCTOR_X_VAMPIRE	hd_piratez	0	1	0	
fx	STR_DRAGOON_RIFLE	hd_piratez	0	1	0	
fx	STR_DRAGOON_RIFLE_CLIP	hd_piratez	0	1	0	
fx	STR_DREAMCHASER	hd_piratez	0	1	0	
fx	STR_DREAMCRUSHER	hd_piratez	0	1	0	
fx	STR_DREAMINGUN	hd_piratez	0	1	0	
fx	STR_DREAMSHOOTER	hd_piratez	0	1	0	
fx	STR_DREAMZOOKA	hd_piratez	0	1	0	
fx	STR_DUMMY_SWEEPER	hd_piratez	0	1	0	
fx	STR_DURANDAL_CANNON	hd_piratez	0	1	0	
fx	STR_DURANDAL_CANNON_SHELLS	hd_piratez	0	1	0	
fx	STR_DYNAMITE	hd_shared?	1	0	0	same rule name in X-Com Files: check in the game
fx	STR_ELECTRIC_LASSO	hd_piratez	0	1	0	
fx	STR_ELECTRIC_NET	hd_piratez	0	1	0	
fx	STR_ELITE_HEAVY_PLASMA	hd_piratez	0	1	0	
fx	STR_ELITE_HEAVY_PLASMA_CLIP	hd_piratez	0	1	0	
fx	STR_ELITE_PLASMA_PISTOL	hd_piratez	0	1	0	
fx	STR_ELITE_PLASMA_PISTOL_CLIP	hd_piratez	0	1	0	
fx	STR_EMP_GRENADE	hd_shared?	1	0	0	same rule name in X-Com Files: check in the game
fx	STR_EMP_ROCKET	hd_piratez	0	1	0	
fx	STR_ENERGY_SCYTHE	hd_piratez	0	1	0	
fx	STR_ES_HEAVY	hd_piratez	0	1	0	
fx	STR_ES_HEAVY_CLIP	hd_piratez	0	1	0	
fx	STR_ES_ION_CANNON	hd_piratez	0	1	0	
fx	STR_ES_ION_CANNON_CLIP	hd_piratez	0	1	0	
fx	STR_ES_PISTOL	hd_piratez	0	1	0	
fx	STR_ES_PISTOL_CLIP	hd_piratez	0	1	0	
fx	STR_ES_RIFLE	hd_piratez	0	1	0	
fx	STR_ES_RIFLE_CLIP	hd_piratez	0	1	0	
fx	STR_ES_SNIPER	hd_piratez	0	1	0	
fx	STR_ES_SNIPER_CLIP	hd_piratez	0	1	0	
fx	STR_EXECUTIONER_XBOW	hd_piratez	0	1	0	
fx	STR_FAE_ROCKET	hd_piratez	0	1	0	
fx	STR_FAIRY_DRAGON_MISSILE	hd_piratez	0	1	0	
fx	STR_FIREBALL_LAUNCHER	hd_piratez	0	1	0	
fx	STR_FIREBOMB	hd_piratez	0	1	0	
fx	STR_FIRECRACKERS	hd_piratez	0	1	0	
fx	STR_FIRESTARS	hd_piratez	0	1	0	
fx	STR_FIRE_EXT	hd_piratez	0	1	0	
fx	STR_FIRE_EXT_ADV	hd_piratez	0	1	0	
fx	STR_FIRE_RUNE_UNRECOVERABLE	hd_piratez	0	1	0	
fx	STR_FISTY	hd_piratez	0	1	0	
fx	STR_FLAK_CANNON	hd_piratez	0	1	0	
fx	STR_FLAK_CANNON_DRUM	hd_piratez	0	1	0	
fx	STR_FLAMETHROWER	hd_shared?	1	0	0	same rule name in X-Com Files: check in the game
fx	STR_FLAMETHROWER_CLIP	hd_shared?	1	0	0	same rule name in X-Com Files: check in the game
fx	STR_FLAMETHROWER_COMPRESSED_CLIP	hd_piratez	0	1	0	
fx	STR_FLAMETHROWER_FIRESTARTER	hd_piratez	0	1	0	
fx	STR_FLAMETHROWER_LR	hd_piratez	0	1	0	
fx	STR_FLAME_GLOVE	hd_shared?	1	0	0	same rule name in X-Com Files: check in the game
fx	STR_FLAME_PISTOL	hd_piratez	0	1	0	
fx	STR_FLAME_WHIP	hd_piratez	0	1	0	
fx	STR_FLAMING_SWORD	hd_piratez	0	1	0	
fx	STR_FLASK_ACID	hd_piratez	0	1	0	
fx	STR_FLECHETTE_CANNON	hd_piratez	0	1	0	
fx	STR_FLECHETTE_GUN	hd_piratez	0	1	0	
fx	STR_FLECHETTE_ROCKET	hd_piratez	0	1	0	
fx	STR_FLINTLOCK_BALLS	hd_piratez	0	1	0	
fx	STR_FLINTLOCK_BALLS_G	hd_piratez	0	1	0	
fx	STR_FLINTLOCK_BALLS_SC	hd_piratez	0	1	0	
fx	STR_FLINTLOCK_BALLS_WP	hd_piratez	0	1	0	
fx	STR_FLINTLOCK_MAGS	hd_piratez	0	1	0	
fx	STR_FLINTLOCK_MUSKET	hd_piratez	0	1	0	
fx	STR_FLINTLOCK_MUSKET_B	hd_piratez	0	1	0	
fx	STR_FLINTLOCK_PISTOL	hd_piratez	0	1	0	
fx	STR_FLINTLOCK_RIFLE	hd_piratez	0	1	0	
fx	STR_FND	hd_piratez	0	1	0	
fx	STR_FOAM_GRENADE	hd_piratez	0	1	0	
fx	STR_FORCE_BLADE	hd_piratez	0	1	0	
fx	STR_FOWLER_SWORD	hd_piratez	0	1	0	
fx	STR_FRIENDLY_SLIME	hd_piratez	0	1	0	
fx	STR_FUSION_ROCKET	hd_piratez	0	1	0	
fx	STR_FUSION_TORCH	hd_shared?	1	0	0	same rule name in X-Com Files: check in the game
fx	STR_FUSION_TORCH_CLIP	hd_piratez	0	1	0	
fx	STR_FUSO_KNIVES	hd_piratez	0	1	0	
fx	STR_GAS_BOMB	hd_piratez	0	1	0	
fx	STR_GAS_GRENADE	hd_shared?	1	0	0	same rule name in X-Com Files: check in the game
fx	STR_GAS_ROCKET	hd_piratez	0	1	0	
fx	STR_GATLING_LASER	hd_piratez	0	1	0	
fx	STR_GAUNTLET_CLAW	hd_piratez	0	1	0	
fx	STR_GAUSS_PISTOL	hd_shared?	1	0	0	same rule name in X-Com Files: check in the game
fx	STR_GAUSS_PISTOL_CLIP	hd_shared?	1	0	0	same rule name in X-Com Files: check in the game
fx	STR_GAUSS_RIFLE	hd_shared?	1	0	0	same rule name in X-Com Files: check in the game
fx	STR_GAUSS_RIFLE_CLIP	hd_shared?	1	0	0	same rule name in X-Com Files: check in the game
fx	STR_GAUSS_SNIPER	hd_piratez	0	1	0	
fx	STR_GAUSS_SNIPER_CLIP	hd_piratez	0	1	0	
fx	STR_GENTLE_PUSH	hd_piratez	0	1	0	
fx	STR_GHOST_BEAM	hd_piratez	0	1	0	
fx	STR_GLADIUS	hd_piratez	0	1	0	
fx	STR_GLITTERSWORD	hd_piratez	0	1	0	
fx	STR_GL_EMP	hd_piratez	0	1	0	
fx	STR_GL_FAE	hd_piratez	0	1	0	
fx	STR_GL_FUSION	hd_piratez	0	1	0	
fx	STR_GL_GAS	hd_piratez	0	1	0	
fx	STR_GL_HE	hd_piratez	0	1	0	
fx	STR_GL_I	hd_piratez	0	1	0	
fx	STR_GL_KNOCKOUT	hd_piratez	0	1	0	
fx	STR_GL_NUKE	hd_piratez	0	1	0	
fx	STR_GL_SMOKE	hd_piratez	0	1	0	
fx	STR_GNOME_GUN	hd_piratez	0	1	0	
fx	STR_GOTHIC_HAMMER	hd_piratez	0	1	0	
fx	STR_GOVT_MAGNUM	hd_piratez	0	1	0	
fx	STR_GRAV_CANNON	hd_piratez	0	1	0	
fx	STR_GREAT_CLUB	hd_piratez	0	1	0	
fx	STR_GREAT_HORN	hd_piratez	0	1	0	
fx	STR_GRENADE	hd_shared?	1	0	1	same rule name in X-Com Files: check in the game
fx	STR_GRENADE_BLOWFISHE	hd_piratez	0	1	0	
fx	STR_GRENADE_BUG	hd_piratez	0	1	0	
fx	STR_GRENADE_FRAG	hd_piratez	0	1	0	
fx	STR_GRENADE_FRAG_PS	hd_piratez	0	1	0	
fx	STR_GRENADE_FUSION	hd_piratez	0	1	0	
fx	STR_GRENADE_GOPHER	hd_piratez	0	1	0	
fx	STR_GRENADE_LAUNCHER	hd_shared?	1	0	0	same rule name in X-Com Files: check in the game
fx	STR_GRENADE_LAUNCHER_ADV	hd_piratez	0	1	0	
fx	STR_GRENADE_WARPCORE	hd_piratez	0	1	0	
fx	STR_GRIMOIRE	hd_piratez	0	1	0	
fx	STR_GRIMOIRE_SPELL_ASHES	hd_piratez	0	1	0	
fx	STR_GRIMOIRE_SPELL_BONE_FEVER	hd_piratez	0	1	0	
fx	STR_GRIMOIRE_SPELL_EMBERS	hd_piratez	0	1	0	
fx	STR_GRIMOIRE_SPELL_HELLGATE	hd_piratez	0	1	0	
fx	STR_GRIMOIRE_SPELL_MACHINE_BANE	hd_piratez	0	1	0	
fx	STR_GRIMOIRE_SPELL_MIND_DAGGER	hd_piratez	0	1	0	
fx	STR_GRIMOIRE_SPELL_SHADES	hd_piratez	0	1	0	
fx	STR_GRIMOIRE_SPELL_SHIELDBREAKER	hd_piratez	0	1	0	
fx	STR_GRIMOIRE_SPELL_SPECTRAL_EYE	hd_piratez	0	1	0	
fx	STR_GRIMOIRE_SPELL_SPECTRAL_HAND	hd_piratez	0	1	0	
fx	STR_GRIMOIRE_SPELL_TEARS	hd_piratez	0	1	0	
fx	STR_HALLUCINOGEN_GRENADE	hd_piratez	0	1	0	
fx	STR_HAMMER	hd_piratez	0	1	0	
fx	STR_HANDLE	hd_piratez	0	1	0	
fx	STR_HAND_FLAMER	hd_piratez	0	1	0	
fx	STR_HAND_MORTAR	hd_piratez	0	1	0	
fx	STR_HARPOON	hd_shared?	1	0	0	same rule name in X-Com Files: check in the game
fx	STR_HARPOON_AP_CLIP	hd_piratez	0	1	0	
fx	STR_HARPOON_AUTO	hd_piratez	0	1	0	
fx	STR_HARPOON_AUTO_AP_CLIP	hd_piratez	0	1	0	
fx	STR_HARPOON_AUTO_POISON_CLIP	hd_piratez	0	1	0	
fx	STR_HARPOON_AUTO_TRANQ_CLIP	hd_piratez	0	1	0	
fx	STR_HARPOON_CARBINE	hd_piratez	0	1	0	
fx	STR_HARPOON_STUN_B_CLIP	hd_piratez	0	1	0	
fx	STR_HARPOON_STUN_CLIP	hd_piratez	0	1	0	
fx	STR_HARQUEBUS	hd_piratez	0	1	0	
fx	STR_HAVOK_ROCKETS	hd_piratez	0	1	0	
fx	STR_HAVOK_ROCKETS_FUSION	hd_piratez	0	1	0	
fx	STR_HAVOK_ROCKETS_NAPALM	hd_piratez	0	1	0	
fx	STR_HAXXOR	hd_piratez	0	1	0	
fx	STR_HC_AP_AMMO	hd_shared?	1	0	1	same rule name in X-Com Files: check in the game
fx	STR_HC_AQUA_AMMO	hd_piratez	0	1	0	
fx	STR_HC_BS_AMMO	hd_shared?	1	0	0	same rule name in X-Com Files: check in the game
fx	STR_HC_HEX_AMMO	hd_piratez	0	1	0	
fx	STR_HC_HE_AMMO	hd_shared?	1	0	1	same rule name in X-Com Files: check in the game
fx	STR_HC_I_AMMO	hd_shared?	1	0	1	same rule name in X-Com Files: check in the game
fx	STR_HC_PS_AMMO	hd_piratez	0	1	0	
fx	STR_HEAT_RAY_PISTOL	hd_piratez	0	1	0	
fx	STR_HEAT_RAY_PISTOL_CLIP	hd_piratez	0	1	0	
fx	STR_HEAVY_CANNON	hd_shared?	1	0	1	same rule name in X-Com Files: check in the game
fx	STR_HEAVY_FLAMER	hd_piratez	0	1	0	
fx	STR_HEAVY_FLAMER_CLIP	hd_piratez	0	1	0	
fx	STR_HEAVY_FLAMER_COMPRESSED_CLIP	hd_piratez	0	1	0	
fx	STR_HEAVY_GAUSS	hd_shared?	1	0	0	same rule name in X-Com Files: check in the game
fx	STR_HEAVY_GAUSS_CLIP	hd_shared?	1	0	0	same rule name in X-Com Files: check in the game
fx	STR_HEAVY_LASER	hd_shared?	1	0	1	same rule name in X-Com Files: check in the game
fx	STR_HEAVY_LASER_CLIP_AP	hd_piratez	0	1	0	
fx	STR_HEAVY_LASER_CLIP_HI	hd_piratez	0	1	0	
fx	STR_HEAVY_LASER_CLIP_LO	hd_piratez	0	1	0	
fx	STR_HEAVY_LASER_PIR	hd_piratez	0	1	0	
fx	STR_HEAVY_PARTICLE_GUN	hd_piratez	0	1	0	
fx	STR_HEAVY_PARTICLE_GUN_CLIP	hd_piratez	0	1	0	
fx	STR_HEAVY_PISTOL	hd_piratez	0	1	0	
fx	STR_HEAVY_PISTOL_CLIP	hd_piratez	0	1	0	
fx	STR_HEAVY_PLASMA	hd_shared?	1	0	1	same rule name in X-Com Files: check in the game
fx	STR_HEAVY_PLASMA_CLIP	hd_shared?	1	0	1	same rule name in X-Com Files: check in the game
fx	STR_HELLFIST	hd_piratez	0	1	0	
fx	STR_HELLGUN	hd_piratez	0	1	0	
fx	STR_HELL_CHAINGUN	hd_piratez	0	1	0	
fx	STR_HELL_KNUCKLES	hd_piratez	0	1	0	
fx	STR_HELL_PISTOL	hd_piratez	0	1	0	
fx	STR_HELL_RIFLE	hd_piratez	0	1	0	
fx	STR_HELL_SHOTGUN	hd_piratez	0	1	0	
fx	STR_HELL_SMG	hd_piratez	0	1	0	
fx	STR_HERO_SWORD	hd_piratez	0	1	0	
fx	STR_HGL	hd_piratez	0	1	0	
fx	STR_HGL_EMP	hd_piratez	0	1	0	
fx	STR_HGL_FAE	hd_piratez	0	1	0	
fx	STR_HGL_FUSION	hd_piratez	0	1	0	
fx	STR_HGL_GAS	hd_piratez	0	1	0	
fx	STR_HGL_HE	hd_piratez	0	1	0	
fx	STR_HGL_I	hd_piratez	0	1	0	
fx	STR_HGL_KNOCKOUT	hd_piratez	0	1	0	
fx	STR_HGL_NUKE	hd_piratez	0	1	0	
fx	STR_HGL_SMOKE	hd_piratez	0	1	0	
fx	STR_HIGH_EXPLOSIVE	hd_shared?	1	0	1	same rule name in X-Com Files: check in the game
fx	STR_HMG	hd_shared?	1	0	0	same rule name in X-Com Files: check in the game
fx	STR_HMG_ASSAULT	hd_piratez	0	1	0	
fx	STR_HMG_CLIP	hd_shared?	1	0	0	same rule name in X-Com Files: check in the game
fx	STR_HMG_CLIP_LARGE	hd_piratez	0	1	0	
fx	STR_HMG_CLIP_PS	hd_piratez	0	1	0	
fx	STR_HMG_CLIP_PS_LARGE	hd_piratez	0	1	0	
fx	STR_HMG_CLIP_PS_SMALL	hd_piratez	0	1	0	
fx	STR_HMG_CLIP_SMALL	hd_piratez	0	1	0	
fx	STR_HOLOGAL_PAD	hd_piratez	0	1	0	
fx	STR_HOLY_HANDGRENADE	hd_piratez	0	1	0	
fx	STR_HORNET	hd_piratez	0	1	0	
fx	STR_HOVERTANK_LAUNCHER	hd_shared?	1	0	1	same rule name in X-Com Files: check in the game
fx	STR_HOVERTANK_PLASMA	hd_shared?	1	0	1	same rule name in X-Com Files: check in the game
fx	STR_HSMG	hd_piratez	0	1	0	
fx	STR_HSMG_CLIP	hd_piratez	0	1	0	
fx	STR_HSMG_CLIP_AQUA	hd_piratez	0	1	0	
fx	STR_HSR	hd_piratez	0	1	0	
fx	STR_HSR_CLIP_ACID	hd_piratez	0	1	0	
fx	STR_HSR_CLIP_AP	hd_piratez	0	1	0	
fx	STR_HSR_CLIP_HE	hd_piratez	0	1	0	
fx	STR_HUNTING_LASER	hd_piratez	0	1	0	
fx	STR_HUNTING_LASER_CLIP	hd_piratez	0	1	0	
fx	STR_HUNTING_RIFLE	hd_shared?	1	0	0	same rule name in X-Com Files: check in the game
fx	STR_HUNTING_RIFLE_ADV	hd_piratez	0	1	0	
fx	STR_HUNTING_RIFLE_CLIP	hd_shared?	1	0	0	same rule name in X-Com Files: check in the game
fx	STR_HUNTING_RIFLE_CLIP_PS	hd_piratez	0	1	0	
fx	STR_HWP_AUTOCANNON_SHELLS	hd_piratez	0	1	0	
fx	STR_HWP_AUTOCANNON_SHELLS_HVAP	hd_piratez	0	1	0	
fx	STR_HWP_CANNON_SHELLS	hd_shared?	1	0	1	same rule name in X-Com Files: check in the game
fx	STR_HWP_CANNON_SHELLS_FUSION	hd_piratez	0	1	0	
fx	STR_HWP_CANNON_SHELLS_HEAT	hd_piratez	0	1	0	
fx	STR_HWP_CANNON_SHELLS_NUKE	hd_piratez	0	1	0	
fx	STR_HWP_FLAK_SHELLS	hd_piratez	0	1	0	
fx	STR_HWP_FLAK_SHELLS_ACID	hd_piratez	0	1	0	
fx	STR_HWP_FLAK_SHELLS_RUBBER	hd_piratez	0	1	0	
fx	STR_HWP_FUSION_BOMB	hd_shared?	1	0	1	same rule name in X-Com Files: check in the game
fx	STR_HWP_LASER_CANNON_BATTS	hd_piratez	0	1	0	
fx	STR_HWP_ROCKETS	hd_shared?	1	0	1	same rule name in X-Com Files: check in the game
fx	STR_HWP_ROCKETS_3	hd_piratez	0	1	0	
fx	STR_HWP_ROCKETS_3_AT	hd_piratez	0	1	0	
fx	STR_HWP_ROCKETS_3_EMP	hd_piratez	0	1	0	
fx	STR_HWP_ROCKETS_3_FAE	hd_piratez	0	1	0	
fx	STR_HWP_ROCKETS_3_FLECHETTE	hd_piratez	0	1	0	
fx	STR_HWP_ROCKETS_3_FUSION	hd_piratez	0	1	0	
fx	STR_HWP_ROCKETS_3_GAS	hd_piratez	0	1	0	
fx	STR_HWP_ROCKETS_3_INC	hd_piratez	0	1	0	
fx	STR_HWP_ROCKETS_3_MAG	hd_piratez	0	1	0	
fx	STR_HWP_ROCKETS_3_NUKE	hd_piratez	0	1	0	
fx	STR_HWP_ROCKETS_ACID	hd_piratez	0	1	0	
fx	STR_HWP_ROCKETS_CRY	hd_piratez	0	1	0	
fx	STR_HWP_ROCKETS_FUSION	hd_piratez	0	1	0	
fx	STR_HWP_ROCKETS_GAS	hd_piratez	0	1	0	
fx	STR_HWP_ROCKETS_NUKE	hd_piratez	0	1	0	
fx	STR_HWP_ROCKETS_WP	hd_piratez	0	1	0	
fx	STR_HWP_SENTRY_SPIKE	hd_piratez	0	1	0	
fx	STR_HWP_SPIKE_ROCKETS	hd_piratez	0	1	0	
fx	STR_HYDRA_LASER	hd_shared?	1	0	0	same rule name in X-Com Files: check in the game
fx	STR_HYDRA_LASER_CLIP	hd_shared?	1	0	0	same rule name in X-Com Files: check in the game
fx	STR_ICE_ROSE	hd_piratez	0	1	0	
fx	STR_IGUN	hd_piratez	0	1	0	
fx	STR_IGUN_CLIP	hd_piratez	0	1	0	
fx	STR_IMPALER	hd_piratez	0	1	0	
fx	STR_IMPERATOR_MISSILE	hd_piratez	0	1	0	
fx	STR_INCENDIARY_GRENADE	hd_shared?	1	0	0	same rule name in X-Com Files: check in the game
fx	STR_INCENDIARY_ROCKET	hd_shared?	1	0	1	same rule name in X-Com Files: check in the game
fx	STR_INCINERATOR	hd_shared?	1	0	0	same rule name in X-Com Files: check in the game
fx	STR_INCINERATOR_CLIP_PLUS	hd_piratez	0	1	0	
fx	STR_INFANTRY_LASER	hd_piratez	0	1	0	
fx	STR_INFANTRY_RIFLE	hd_piratez	0	1	0	
fx	STR_IRON_ROD	hd_piratez	0	1	0	
fx	STR_IRRADIATOR	hd_piratez	0	1	0	
fx	STR_IRRADIATOR_CELL	hd_piratez	0	1	0	
fx	STR_IV_STAND	hd_piratez	0	1	0	
fx	STR_JAVELINS	hd_piratez	0	1	0	
fx	STR_JAVELINS_AQUA	hd_piratez	0	1	0	
fx	STR_JAVELINS_PRIMITIVE	hd_piratez	0	1	0	
fx	STR_JEZZAIL	hd_piratez	0	1	0	
fx	STR_JIM_ANGRY	hd_piratez	0	1	0	
fx	STR_JIM_HAPPY	hd_piratez	0	1	0	
fx	STR_JUMPMINE_UNRECOVERABLE	hd_piratez	0	1	0	
fx	STR_KATANA	hd_shared?	1	0	0	same rule name in X-Com Files: check in the game
fx	STR_KILLGUN	hd_piratez	0	1	0	
fx	STR_KITCHEN_KNIFE	hd_piratez	0	1	0	
fx	STR_KNOCKOUT_BOMB	hd_piratez	0	1	0	
fx	STR_KNOCKOUT_GRENADE	hd_shared?	1	0	0	same rule name in X-Com Files: check in the game
fx	STR_KNOIF	hd_piratez	0	1	0	
fx	STR_KNOIF_BANDIT	hd_piratez	0	1	0	
fx	STR_KNOIF_BARB	hd_piratez	0	1	0	
fx	STR_KNOIF_POISON	hd_piratez	0	1	0	
fx	STR_KNUCKLES	hd_piratez	0	1	0	
fx	STR_KNUCKLES_SPIKED	hd_piratez	0	1	0	
fx	STR_KRAKEN_CANNON	hd_piratez	0	1	0	
fx	STR_KRUGER	hd_piratez	0	1	0	
fx	STR_KRUGER_CLIP	hd_piratez	0	1	0	
fx	STR_KUNG_FU	hd_piratez	0	1	0	
fx	STR_KUSARIGAMA	hd_piratez	0	1	0	
fx	STR_LACC	hd_piratez	0	1	0	
fx	STR_LACC_AP_AMMO	hd_piratez	0	1	0	
fx	STR_LACC_AQUA_AMMO	hd_piratez	0	1	0	
fx	STR_LACC_HEX_AMMO	hd_piratez	0	1	0	
fx	STR_LACC_HE_AMMO	hd_piratez	0	1	0	
fx	STR_LACC_I_AMMO	hd_piratez	0	1	0	
fx	STR_LACC_PS_AMMO	hd_piratez	0	1	0	
fx	STR_LARGE_ROCKET	hd_shared?	1	0	1	same rule name in X-Com Files: check in the game
fx	STR_LASER_BALL	hd_piratez	0	1	0	
fx	STR_LASER_CARBINE	hd_shared?	1	0	0	same rule name in X-Com Files: check in the game
fx	STR_LASER_FIST	hd_piratez	0	1	0	
fx	STR_LASER_PISTOL	hd_shared?	1	0	1	same rule name in X-Com Files: check in the game
fx	STR_LASER_PISTOL_CLIP_AP	hd_piratez	0	1	0	
fx	STR_LASER_PISTOL_CLIP_HI	hd_piratez	0	1	0	
fx	STR_LASER_PISTOL_CLIP_LO	hd_piratez	0	1	0	
fx	STR_LASER_PISTOL_DUELIST	hd_piratez	0	1	0	
fx	STR_LASER_PISTOL_DUELIST_CLIP	hd_piratez	0	1	0	
fx	STR_LASER_PISTOL_LT	hd_piratez	0	1	0	
fx	STR_LASER_PISTOL_M	hd_piratez	0	1	0	
fx	STR_LASER_PISTOL_MINI	hd_piratez	0	1	0	
fx	STR_LASER_PISTOL_M_CLIP	hd_piratez	0	1	0	
fx	STR_LASER_PISTOL_PIR	hd_piratez	0	1	0	
fx	STR_LASER_PISTOL_SNUB	hd_piratez	0	1	0	
fx	STR_LASER_PISTOL_SNUB_CLIP	hd_piratez	0	1	0	
fx	STR_LASER_RIFLE	hd_shared?	1	0	1	same rule name in X-Com Files: check in the game
fx	STR_LASER_RIFLE_2	hd_piratez	0	1	0	
fx	STR_LASER_RIFLE_CLIP_AP	hd_piratez	0	1	0	
fx	STR_LASER_RIFLE_CLIP_HI	hd_piratez	0	1	0	
fx	STR_LASER_RIFLE_CLIP_LO	hd_piratez	0	1	0	
fx	STR_LASER_RIFLE_M	hd_piratez	0	1	0	
fx	STR_LASER_RIFLE_M_CLIP	hd_piratez	0	1	0	
fx	STR_LASER_RIFLE_PIR	hd_piratez	0	1	0	
fx	STR_LASER_STARS	hd_piratez	0	1	0	
fx	STR_LASER_SUPERCHARGER	hd_piratez	0	1	0	
fx	STR_LASLOCK_SHOTGUN	hd_piratez	0	1	0	
fx	STR_LASLOCK_SHOTGUN_CLIP	hd_piratez	0	1	0	
fx	STR_LAWGIVER	hd_piratez	0	1	0	
fx	STR_LAWGIVER_CLIP	hd_piratez	0	1	0	
fx	STR_LIGHTER	hd_piratez	0	1	0	
fx	STR_LIGHTNING_THROWER	hd_shared?	1	0	0	same rule name in X-Com Files: check in the game
fx	STR_LIGHTNING_THROWER_CELL	hd_piratez	0	1	0	
fx	STR_LIQUIDATOR_CLIP	hd_piratez	0	1	0	
fx	STR_LIQUIDATOR_GUN	hd_piratez	0	1	0	
fx	STR_LMG	hd_piratez	0	1	0	
fx	STR_LMG_CLIP	hd_piratez	0	1	0	
fx	STR_LMG_CLIP_AP	hd_piratez	0	1	0	
fx	STR_LMG_CLIP_PS	hd_piratez	0	1	0	
fx	STR_LONGBOW	hd_piratez	0	1	0	
fx	STR_LONGBOW_QUIVER	hd_piratez	0	1	0	
fx	STR_LONGBOW_QUIVER_ACID	hd_piratez	0	1	0	
fx	STR_LONGBOW_QUIVER_TARNIAN	hd_piratez	0	1	0	
fx	STR_LONG_KNIFE	hd_piratez	0	1	0	
fx	STR_LOOTED_CYBERDISC_ROCKET	hd_piratez	0	1	0	
fx	STR_LPG	hd_piratez	0	1	0	
fx	STR_LPG_CLIP	hd_piratez	0	1	0	
fx	STR_LUGER	hd_shared?	1	0	0	same rule name in X-Com Files: check in the game
fx	STR_LUGER_CLIP	hd_shared?	1	0	0	same rule name in X-Com Files: check in the game
fx	STR_LYNX	hd_piratez	0	1	0	
fx	STR_MACHETE	hd_shared?	1	0	0	same rule name in X-Com Files: check in the game
fx	STR_MACHINEGUN	hd_piratez	0	1	0	
fx	STR_MACHINEGUN_BELT	hd_piratez	0	1	0	
fx	STR_MACHINEGUN_BELT_LONG	hd_piratez	0	1	0	
fx	STR_MACHINEGUN_BELT_LONG_PS	hd_piratez	0	1	0	
fx	STR_MACHINEGUN_BELT_PS	hd_piratez	0	1	0	
fx	STR_MACHINEGUN_LIGHT	hd_piratez	0	1	0	
fx	STR_MACHINEGUN_WHEELED	hd_piratez	0	1	0	
fx	STR_MAGIC_HAMMER	hd_piratez	0	1	0	
fx	STR_MAGNUM	hd_shared?	1	0	0	same rule name in X-Com Files: check in the game
fx	STR_MAGNUM_DRUM	hd_shared?	1	0	0	same rule name in X-Com Files: check in the game
fx	STR_MAGNUM_DRUM_ACID	hd_piratez	0	1	0	
fx	STR_MAGNUM_DRUM_SILVER	hd_piratez	0	1	0	
fx	STR_MAG_LITE	hd_shared?	1	0	0	same rule name in X-Com Files: check in the game
fx	STR_MAG_ROCKET	hd_piratez	0	1	0	
fx	STR_MAMMOTH_SHOTGUN	hd_piratez	0	1	0	
fx	STR_MAMMOTH_SHOTGUN_CLIP	hd_piratez	0	1	0	
fx	STR_MARSEC_LASGUN	hd_piratez	0	1	0	
fx	STR_MARSEC_LASGUN_CLIP	hd_piratez	0	1	0	
fx	STR_MASTERS_CANE	hd_piratez	0	1	0	
fx	STR_MAUSER	hd_shared?	1	0	0	same rule name in X-Com Files: check in the game
fx	STR_MAUSER_CLIP	hd_shared?	1	0	0	same rule name in X-Com Files: check in the game
fx	STR_MAZETRAP_1	hd_piratez	0	1	0	
fx	STR_MAZETRAP_2	hd_piratez	0	1	0	
fx	STR_MAZETRAP_3	hd_piratez	0	1	0	
fx	STR_MC_HE_AMMO	hd_piratez	0	1	0	
fx	STR_MEDIPACK_SAVIOUR	hd_piratez	0	1	0	
fx	STR_MEDI_KIT	hd_shared?	1	0	1	same rule name in X-Com Files: check in the game
fx	STR_MEGAVOLT	hd_piratez	0	1	0	
fx	STR_MEGAVOLT_CLIP	hd_piratez	0	1	0	
fx	STR_MEGA_AX	hd_piratez	0	1	0	
fx	STR_MEGA_CANNON	hd_piratez	0	1	0	
fx	STR_MEGA_FLAMER	hd_piratez	0	1	0	
fx	STR_MEGA_FLAMER_CLIP	hd_piratez	0	1	0	
fx	STR_MEGA_LASER	hd_piratez	0	1	0	
fx	STR_MEGA_LASER_CLIP	hd_piratez	0	1	0	
fx	STR_MINE	hd_piratez	0	1	0	
fx	STR_MINE_ACID	hd_piratez	0	1	0	
fx	STR_MINE_CRY	hd_piratez	0	1	0	
fx	STR_MINE_EMP	hd_piratez	0	1	0	
fx	STR_MINE_FIRE	hd_piratez	0	1	0	
fx	STR_MINE_FRAG_PS	hd_piratez	0	1	0	
fx	STR_MINE_GAS	hd_piratez	0	1	0	
fx	STR_MINE_KNOCKOUT	hd_piratez	0	1	0	
fx	STR_MINE_N	hd_piratez	0	1	0	
fx	STR_MINE_STUN	hd_piratez	0	1	0	
fx	STR_MINE_WP	hd_piratez	0	1	0	
fx	STR_MINIGUN	hd_shared?	1	0	0	same rule name in X-Com Files: check in the game
fx	STR_MINIGUN_2	hd_piratez	0	1	0	
fx	STR_MINIGUN_2_AMMO	hd_piratez	0	1	0	
fx	STR_MINIGUN_2_AMMO_HVAP	hd_piratez	0	1	0	
fx	STR_MINIGUN_ADV	hd_piratez	0	1	0	
fx	STR_MINIGUN_AMMO	hd_piratez	0	1	0	
fx	STR_MINIGUN_AMMO_ETAP	hd_piratez	0	1	0	
fx	STR_MINIGUN_AMMO_PS	hd_piratez	0	1	0	
fx	STR_MINING_LASER	hd_piratez	0	1	0	
fx	STR_MINI_CANNON	hd_piratez	0	1	0	
fx	STR_MINI_SHOTGUN	hd_piratez	0	1	0	
fx	STR_MINI_SMG	hd_piratez	0	1	0	
fx	STR_MINI_SMG_CLIP	hd_piratez	0	1	0	
fx	STR_MINNIE_BULLET	hd_piratez	0	1	0	
fx	STR_MINNIE_BULLET_PSI	hd_piratez	0	1	0	
fx	STR_MINOTAUR_AX	hd_piratez	0	1	0	
fx	STR_MOLOTOV	hd_piratez	0	1	0	
fx	STR_MORTAR	hd_shared?	1	0	0	same rule name in X-Com Files: check in the game
fx	STR_MORTAR_ADV	hd_piratez	0	1	0	
fx	STR_MORTAR_SHELL_ACID	hd_piratez	0	1	0	
fx	STR_MORTAR_SHELL_CRY	hd_piratez	0	1	0	
fx	STR_MORTAR_SHELL_FUSION	hd_piratez	0	1	0	
fx	STR_MORTAR_SHELL_GAS	hd_shared?	1	0	0	same rule name in X-Com Files: check in the game
fx	STR_MORTAR_SHELL_HE	hd_shared?	1	0	0	same rule name in X-Com Files: check in the game
fx	STR_MORTAR_SHELL_I	hd_shared?	1	0	0	same rule name in X-Com Files: check in the game
fx	STR_MORTAR_SHELL_NUKE	hd_piratez	0	1	0	
fx	STR_MORTAR_SHELL_SMOKE	hd_shared?	1	0	0	same rule name in X-Com Files: check in the game
fx	STR_MOTION_SCANNER	hd_shared?	1	0	1	same rule name in X-Com Files: check in the game
fx	STR_MP	hd_shared?	1	0	0	same rule name in X-Com Files: check in the game
fx	STR_MP40	hd_piratez	0	1	0	
fx	STR_MPG	hd_shared?	1	0	0	same rule name in X-Com Files: check in the game
fx	STR_MPG_CLIP	hd_shared?	1	0	0	same rule name in X-Com Files: check in the game
fx	STR_MP_AUTO_CANNON	hd_piratez	0	1	0	
fx	STR_MP_CLIP	hd_shared?	1	0	0	same rule name in X-Com Files: check in the game
fx	STR_MP_CLIP_EP	hd_piratez	0	1	0	
fx	STR_MP_LASCANNON_CLIP	hd_piratez	0	1	0	
fx	STR_MP_LASCANNON_CLIP_AP	hd_piratez	0	1	0	
fx	STR_MP_LASCANNON_CLIP_LO	hd_piratez	0	1	0	
fx	STR_MP_LASCANNON_N	hd_piratez	0	1	0	
fx	STR_MRSHAN_AUTOCANNON	hd_piratez	0	1	0	
fx	STR_MRSHAN_AUTOCANNON_CLIP	hd_piratez	0	1	0	
fx	STR_MRSHAN_LAUNCHER	hd_piratez	0	1	0	
fx	STR_MRSHAN_LAUNCHER_ROCKET_FAE	hd_piratez	0	1	0	
fx	STR_MRSHAN_LAUNCHER_ROCKET_HEAT	hd_piratez	0	1	0	
fx	STR_MRSHAN_LAUNCHER_ROCKET_STUN	hd_piratez	0	1	0	
fx	STR_MRSHAN_MARKSMAN_LASER	hd_piratez	0	1	0	
fx	STR_MRSHAN_MARKSMAN_LASER_CLIP	hd_piratez	0	1	0	
fx	STR_MRSHAN_MINIGUN	hd_piratez	0	1	0	
fx	STR_MRSHAN_MINIGUN_CLIP	hd_piratez	0	1	0	
fx	STR_MRSHAN_PISTOL	hd_piratez	0	1	0	
fx	STR_MRSHAN_PISTOL_CLIP	hd_piratez	0	1	0	
fx	STR_MRSHAN_RIFLE	hd_piratez	0	1	0	
fx	STR_MRSHAN_RIFLE_CLIP	hd_piratez	0	1	0	
fx	STR_MRSHAN_SHOTGUN	hd_piratez	0	1	0	
fx	STR_MRSHAN_SHOTGUN_CLIP	hd_piratez	0	1	0	
fx	STR_MRSHAN_SMG	hd_piratez	0	1	0	
fx	STR_MRSHAN_SMG_CLIP	hd_piratez	0	1	0	
fx	STR_MRSHAN_SNIPER_RIFLE	hd_piratez	0	1	0	
fx	STR_MUMBLEBALL	hd_piratez	0	1	0	
fx	STR_MUTANT_FISH	hd_piratez	0	1	0	
fx	STR_MUTANT_MG	hd_piratez	0	1	0	
fx	STR_MUTANT_MG_CLIP	hd_piratez	0	1	0	
fx	STR_MUTANT_REAPER	hd_piratez	0	1	0	
fx	STR_NAPALM_NADES	hd_piratez	0	1	0	
fx	STR_NARLOCK_LASGUN	hd_piratez	0	1	0	
fx	STR_NARLOCK_LASGUN_CLIP	hd_piratez	0	1	0	
fx	STR_NARLOCK_SCEPTER	hd_piratez	0	1	0	
fx	STR_NEKO_CLAWS	hd_piratez	0	1	0	
fx	STR_NEKO_SWORD	hd_piratez	0	1	0	
fx	STR_NEUTRAL_SPAWN_TU_RESTORER_50	hd_piratez	0	1	0	
fx	STR_NINJA_CARBINE	hd_piratez	0	1	0	
fx	STR_NINJA_DEATHPACK	hd_piratez	0	1	0	
fx	STR_NINJA_SAWED_OFF	hd_piratez	0	1	0	
fx	STR_NINJA_SMG	hd_piratez	0	1	0	
fx	STR_NITRO_EXPRESS	hd_shared?	1	0	0	same rule name in X-Com Files: check in the game
fx	STR_NITRO_EXPRESS_CLIP	hd_shared?	1	0	0	same rule name in X-Com Files: check in the game
fx	STR_NOVA_PLASMA_GUN	hd_piratez	0	1	0	
fx	STR_NOVA_PLASMA_GUN_CLIP	hd_piratez	0	1	0	
fx	STR_NUB_LASER_GATLING	hd_piratez	0	1	0	
fx	STR_NUB_LASER_GATLING_CLIP	hd_piratez	0	1	0	
fx	STR_NUKE_CHARGE	hd_piratez	0	1	0	
fx	STR_NUKE_ROCKET	hd_piratez	0	1	0	
fx	STR_OBJECTIVE66_TRIGGER	hd_piratez	0	1	0	
fx	STR_OGRE_SHOTGUN	hd_piratez	0	1	0	
fx	STR_OGRE_SHOTGUN_SHELLS	hd_piratez	0	1	0	
fx	STR_OGRE_SHOTGUN_SHELLS_I	hd_piratez	0	1	0	
fx	STR_OGRE_SHOTGUN_SHELLS_I2	hd_piratez	0	1	0	
fx	STR_OGRE_SHOTGUN_SHELLS_NUKE	hd_piratez	0	1	0	
fx	STR_OGRE_WORKER	hd_piratez	0	1	0	
fx	STR_OLD_MAGNUM	hd_piratez	0	1	0	
fx	STR_OLD_MAGNUM_ROUNDS	hd_piratez	0	1	0	
fx	STR_OLD_MAGNUM_ROUNDS_SLAYER	hd_piratez	0	1	0	
fx	STR_OLD_PISTOL	hd_piratez	0	1	0	
fx	STR_OLD_PISTOL_2	hd_piratez	0	1	0	
fx	STR_OLD_PISTOL_CLIP	hd_piratez	0	1	0	
fx	STR_OLD_PISTOL_CLIP_EP	hd_piratez	0	1	0	
fx	STR_OLD_PISTOL_CLIP_MAGNUM	hd_piratez	0	1	0	
fx	STR_OLD_PISTOL_CLIP_SLAYER	hd_piratez	0	1	0	
fx	STR_OLD_REVOLVER	hd_piratez	0	1	0	
fx	STR_OLD_RIFLE	hd_piratez	0	1	0	
fx	STR_OLD_RIFLE_CLIP	hd_piratez	0	1	0	
fx	STR_OLD_SNIPER_RIFLE	hd_piratez	0	1	0	
fx	STR_OMEGA_RIFLE	hd_piratez	0	1	0	
fx	STR_OMEGA_RIFLE_CLIP	hd_piratez	0	1	0	
fx	STR_OMEGA_RIFLE_CLIP_AP	hd_piratez	0	1	0	
fx	STR_OMEGA_RIFLE_CLIP_ETAP	hd_piratez	0	1	0	
fx	STR_PADD	hd_piratez	0	1	0	
fx	STR_PAINBRINGER	hd_piratez	0	1	0	
fx	STR_PAINBRINGER_CLIP	hd_piratez	0	1	0	
fx	STR_PAINBRINGER_CLIP_ACID	hd_piratez	0	1	0	
fx	STR_PAINBRINGER_CLIP_INC	hd_piratez	0	1	0	
fx	STR_PARROT	hd_piratez	0	1	0	
fx	STR_PARROT_BEAK	hd_piratez	0	1	0	
fx	STR_PEACEMAKER	hd_piratez	0	1	0	
fx	STR_PEACEMAKER_DRUM	hd_piratez	0	1	0	
fx	STR_PEG_LEG	hd_piratez	0	1	0	
fx	STR_PEPPER_PISTOL	hd_piratez	0	1	0	
fx	STR_PHOTON_BLADE	hd_shared?	1	0	0	same rule name in X-Com Files: check in the game
fx	STR_PHOTON_SPEAR	hd_shared?	1	0	0	same rule name in X-Com Files: check in the game
fx	STR_PICKAXE	hd_shared?	1	0	0	same rule name in X-Com Files: check in the game
fx	STR_PIKE	hd_piratez	0	1	0	
fx	STR_PIPE	hd_shared?	1	0	0	same rule name in X-Com Files: check in the game
fx	STR_PIRATE_FLAG	hd_piratez	0	1	0	
fx	STR_PIRATE_GUITAR	hd_piratez	0	1	0	
fx	STR_PIRATE_PIPES	hd_piratez	0	1	0	
fx	STR_PIR_ALIEN_GRENADE	hd_piratez	0	1	0	
fx	STR_PIR_BLASTER_BOMB	hd_piratez	0	1	0	
fx	STR_PIR_BLASTER_BOMB_EMP	hd_piratez	0	1	0	
fx	STR_PIR_BLASTER_LAUNCHER	hd_piratez	0	1	0	
fx	STR_PIR_CANNON	hd_piratez	0	1	0	
fx	STR_PIR_CANNONBALL	hd_piratez	0	1	0	
fx	STR_PIR_CANNONBALL_ACID	hd_piratez	0	1	0	
fx	STR_PIR_CANNONBALL_CRY	hd_piratez	0	1	0	
fx	STR_PIR_CANNONBALL_GAS	hd_piratez	0	1	0	
fx	STR_PIR_CANNONBALL_HE	hd_piratez	0	1	0	
fx	STR_PIR_CANNONBALL_INC	hd_piratez	0	1	0	
fx	STR_PIR_CANNONBALL_NUKE	hd_piratez	0	1	0	
fx	STR_PIR_CANNONBALL_SC	hd_piratez	0	1	0	
fx	STR_PIR_HEAVY_BOLTER	hd_piratez	0	1	0	
fx	STR_PIR_HEAVY_BOLTER_AMMO	hd_piratez	0	1	0	
fx	STR_PIR_HEAVY_PLASMA	hd_piratez	0	1	0	
fx	STR_PIR_HEAVY_PLASMA_CLIP	hd_piratez	0	1	0	
fx	STR_PIR_PLASMA_PISTOL	hd_piratez	0	1	0	
fx	STR_PIR_PLASMA_PISTOL_2	hd_piratez	0	1	0	
fx	STR_PIR_PLASMA_PISTOL_CLIP	hd_piratez	0	1	0	
fx	STR_PIR_PLASMA_RIFLE	hd_piratez	0	1	0	
fx	STR_PIR_PLASMA_RIFLE_CLIP	hd_piratez	0	1	0	
fx	STR_PIR_PLASMA_SUB	hd_piratez	0	1	0	
fx	STR_PIR_PLASMA_SUB_CLIP	hd_piratez	0	1	0	
fx	STR_PIR_SMALL_LAUNCHER	hd_piratez	0	1	0	
fx	STR_PIR_STUN_BOMB	hd_piratez	0	1	0	
fx	STR_PISTOL	hd_shared?	1	0	1	same rule name in X-Com Files: check in the game
fx	STR_PISTOL_ADV	hd_piratez	0	1	0	
fx	STR_PISTOL_ADV_CLIP	hd_piratez	0	1	0	
fx	STR_PISTOL_BM	hd_piratez	0	1	0	
fx	STR_PISTOL_BM_CLIP	hd_piratez	0	1	0	
fx	STR_PISTOL_CLIP	hd_shared?	1	0	1	same rule name in X-Com Files: check in the game
fx	STR_PISTOL_CLIP_SLAYER	hd_piratez	0	1	0	
fx	STR_PISTOL_LT	hd_shared?	1	0	0	same rule name in X-Com Files: check in the game
fx	STR_PISTOL_LT_CLIP	hd_shared?	1	0	0	same rule name in X-Com Files: check in the game
fx	STR_PISTOL_LT_CLIP_AP	hd_piratez	0	1	0	
fx	STR_PISTOL_LT_CLIP_SLAYER	hd_piratez	0	1	0	
fx	STR_PISTOL_OF_THE_DEAD	hd_piratez	0	1	0	
fx	STR_PISTOL_SILENCED	hd_piratez	0	1	0	
fx	STR_PISTOL_SILENCED_CLIP	hd_piratez	0	1	0	
fx	STR_PITCHFORK	hd_shared?	1	0	0	same rule name in X-Com Files: check in the game
fx	STR_PLANT_X	hd_piratez	0	1	0	
fx	STR_PLASMA_CASTER	hd_shared?	1	0	0	same rule name in X-Com Files: check in the game
fx	STR_PLASMA_CASTER_CLIP	hd_shared?	1	0	0	same rule name in X-Com Files: check in the game
fx	STR_PLASMA_DAGGER	hd_piratez	0	1	0	
fx	STR_PLASMA_PISTOL	hd_shared?	1	0	1	same rule name in X-Com Files: check in the game
fx	STR_PLASMA_PISTOL_CLIP	hd_shared?	1	0	1	same rule name in X-Com Files: check in the game
fx	STR_PLASMA_PISTOL_LT	hd_piratez	0	1	0	
fx	STR_PLASMA_PISTOL_LT_CLIP	hd_piratez	0	1	0	
fx	STR_PLASMA_RIFLE	hd_shared?	1	0	1	same rule name in X-Com Files: check in the game
fx	STR_PLASMA_RIFLE_CLIP	hd_shared?	1	0	1	same rule name in X-Com Files: check in the game
fx	STR_PLASMA_SCORCHER	hd_piratez	0	1	0	
fx	STR_PLASMA_SCORCHER_CLIP	hd_piratez	0	1	0	
fx	STR_PLASMA_SHOTGUN	hd_piratez	0	1	0	
fx	STR_PLASMA_SHOTGUN_CLIP	hd_piratez	0	1	0	
fx	STR_PLASMA_SWORD	hd_shared?	1	0	0	same rule name in X-Com Files: check in the game
fx	STR_POISONOUS_TENTACLE	hd_piratez	0	1	0	
fx	STR_POISON_LANCE	hd_piratez	0	1	0	
fx	STR_POLICE_SHIELD	hd_piratez	0	1	0	
fx	STR_POWER_MACE	hd_piratez	0	1	0	
fx	STR_PPSH	hd_shared?	1	0	0	same rule name in X-Com Files: check in the game
fx	STR_PPSH_3	hd_piratez	0	1	0	
fx	STR_PPSH_4	hd_piratez	0	1	0	
fx	STR_PPSH_CLIP	hd_shared?	1	0	0	same rule name in X-Com Files: check in the game
fx	STR_PPSH_CLIP_EP	hd_piratez	0	1	0	
fx	STR_PPSH_CLIP_SLAYER	hd_piratez	0	1	0	
fx	STR_PRECISION_PLASMA	hd_shared?	1	0	0	same rule name in X-Com Files: check in the game
fx	STR_PRECISION_PLASMA_CLIP	hd_shared?	1	0	0	same rule name in X-Com Files: check in the game
fx	STR_PREDATOR_PISTOL	hd_piratez	0	1	0	
fx	STR_PREDATOR_PISTOL_CLIP	hd_piratez	0	1	0	
fx	STR_PRED_CLAWS	hd_piratez	0	1	0	
fx	STR_PRED_DISC	hd_piratez	0	1	0	
fx	STR_PRISM_STAFF	hd_piratez	0	1	0	
fx	STR_PROXIMITY_GRENADE	hd_shared?	1	0	1	same rule name in X-Com Files: check in the game
fx	STR_PSITRAP_1	hd_piratez	0	1	0	
fx	STR_PSITRAP_2	hd_piratez	0	1	0	
fx	STR_PUNK_CHAIN	hd_piratez	0	1	0	
fx	STR_QUAD_LAUNCHER	hd_piratez	0	1	0	
fx	STR_QUAD_ROCKETS	hd_piratez	0	1	0	
fx	STR_QUAD_ROCKETS_NAPALM	hd_piratez	0	1	0	
fx	STR_QUARTERSTAFF	hd_piratez	0	1	0	
fx	STR_QUICKSILVER_CUTLASS	hd_piratez	0	1	0	
fx	STR_QUICKSILVER_KNIFE	hd_piratez	0	1	0	
fx	STR_RAD_FLASK_A	hd_piratez	0	1	0	
fx	STR_RAGE_BOMB	hd_piratez	0	1	0	
fx	STR_RAIL_COIL	hd_piratez	0	1	0	
fx	STR_RAIL_DRIVER	hd_piratez	0	1	0	
fx	STR_RAIL_RIFLE	hd_piratez	0	1	0	
fx	STR_RAIL_RIFLE_CLIP	hd_piratez	0	1	0	
fx	STR_RAIL_RIFLE_CLIP_AQUA	hd_piratez	0	1	0	
fx	STR_RAIL_RIFLE_OLD	hd_piratez	0	1	0	
fx	STR_RAIL_RIFLE_OLD_CLIP	hd_piratez	0	1	0	
fx	STR_RAMJET_HARPOON	hd_piratez	0	1	0	
fx	STR_RAMJET_HARPOON_CLIP	hd_piratez	0	1	0	
fx	STR_RANGEFINDER	hd_piratez	0	1	0	
fx	STR_RAPIER	hd_piratez	0	1	0	
fx	STR_RAYGUN	hd_piratez	0	1	0	
fx	STR_RAYGUN_CLIP	hd_piratez	0	1	0	
fx	STR_RAY_RIFLE	hd_piratez	0	1	0	
fx	STR_RAZOR	hd_piratez	0	1	0	
fx	STR_REACTOR_CRASH	hd_piratez	0	1	0	
fx	STR_REACTOR_KABOOM	hd_piratez	0	1	0	
fx	STR_RECOILLESS_RIFLE	hd_piratez	0	1	0	
fx	STR_RECOILLESS_RIFLE_SHELL	hd_piratez	0	1	0	
fx	STR_RECOILLESS_RIFLE_SHELL_PS	hd_piratez	0	1	0	
fx	STR_RED_DRAGON_MISSILE	hd_piratez	0	1	0	
fx	STR_RED_MAGE_ASC_30	hd_piratez	0	1	0	
fx	STR_REGICIDE	hd_piratez	0	1	0	
fx	STR_REMOTE_CONTROL	hd_piratez	0	1	0	
fx	STR_RETICULAN_ELECTROGUN	hd_piratez	0	1	0	
fx	STR_RETICULAN_ELECTROGUN_CLIP	hd_piratez	0	1	0	
fx	STR_RETICULAN_LASER_GUN	hd_piratez	0	1	0	
fx	STR_RETICULAN_LASER_GUN_CLIP	hd_piratez	0	1	0	
fx	STR_RETICULAN_LASER_PISTOL	hd_piratez	0	1	0	
fx	STR_RETICULAN_PLASMA_GUN	hd_piratez	0	1	0	
fx	STR_RETICULAN_PLASMA_GUN_CLIP	hd_piratez	0	1	0	
fx	STR_RETRIBUTION_MISSILE	hd_piratez	0	1	0	
fx	STR_REVOLVER	hd_piratez	0	1	0	
fx	STR_REVOLVER_DRUM	hd_piratez	0	1	0	
fx	STR_REVOLVER_DRUM_SLAYER	hd_piratez	0	1	0	
fx	STR_REVOLVER_LT	hd_piratez	0	1	0	
fx	STR_REVOLVER_LT_DRUM	hd_piratez	0	1	0	
fx	STR_REVOLVER_LT_DRUM_SLAYER	hd_piratez	0	1	0	
fx	STR_REVOLVER_POLICE	hd_piratez	0	1	0	
fx	STR_RIFLE	hd_shared?	1	0	1	same rule name in X-Com Files: check in the game
fx	STR_RIFLE_ADV	hd_piratez	0	1	0	
fx	STR_RIFLE_AK	hd_piratez	0	1	0	
fx	STR_RIFLE_AK_B	hd_piratez	0	1	0	
fx	STR_RIFLE_AK_CLIP	hd_piratez	0	1	0	
fx	STR_RIFLE_AK_FUTURE	hd_piratez	0	1	0	
fx	STR_RIFLE_AK_SMG	hd_piratez	0	1	0	
fx	STR_RIFLE_CLIP	hd_shared?	1	0	1	same rule name in X-Com Files: check in the game
fx	STR_RIFLE_CLIP_AP	hd_piratez	0	1	0	
fx	STR_RIFLE_CLIP_PS	hd_piratez	0	1	0	
fx	STR_RIFLE_LT	hd_piratez	0	1	0	
fx	STR_RIFLE_M16	hd_shared?	1	0	0	same rule name in X-Com Files: check in the game
fx	STR_RIFLE_M16_CLIP	hd_shared?	1	0	0	same rule name in X-Com Files: check in the game
fx	STR_RIFLE_M16_CLIP_EP	hd_piratez	0	1	0	
fx	STR_RIFLE_OF_THE_DEAD	hd_piratez	0	1	0	
fx	STR_RIFLE_SA80	hd_piratez	0	1	0	
fx	STR_RIOT_GRENADE	hd_piratez	0	1	0	
fx	STR_RIPPER	hd_piratez	0	1	0	
fx	STR_ROBO_PARROT	hd_piratez	0	1	0	
fx	STR_ROCKET_LAUNCHER	hd_shared?	1	0	1	same rule name in X-Com Files: check in the game
fx	STR_ROCKET_LAUNCHER_ADV	hd_piratez	0	1	0	
fx	STR_ROCK_T	hd_piratez	0	1	0	
fx	STR_ROD_OF_BLISS	hd_piratez	0	1	0	
fx	STR_ROTOGUN	hd_piratez	0	1	0	
fx	STR_ROTOGUN_AMMO	hd_piratez	0	1	0	
fx	STR_RPG	hd_shared?	1	0	0	same rule name in X-Com Files: check in the game
fx	STR_RPG_ADV	hd_piratez	0	1	0	
fx	STR_RPG_SMART	hd_piratez	0	1	0	
fx	STR_RUGER	hd_piratez	0	1	0	
fx	STR_RUNES_OF_FIRE	hd_piratez	0	1	0	
fx	STR_RUSTY_BLADE	hd_shared?	1	0	0	same rule name in X-Com Files: check in the game
fx	STR_SAKURA_STAFF	hd_piratez	0	1	0	
fx	STR_SATCHEL_CHARGE	hd_piratez	0	1	0	
fx	STR_SAW	hd_piratez	0	1	0	
fx	STR_SAWED_OFF	hd_shared?	1	0	0	same rule name in X-Com Files: check in the game
fx	STR_SAW_CLIP	hd_piratez	0	1	0	
fx	STR_SAW_CLIP_ETAP	hd_piratez	0	1	0	
fx	STR_SAW_CLIP_PS	hd_piratez	0	1	0	
fx	STR_SAW_CLIP_PSI	hd_piratez	0	1	0	
fx	STR_SAW_GNOME	hd_piratez	0	1	0	
fx	STR_SAW_GYRO	hd_piratez	0	1	0	
fx	STR_SAW_MERIDIAN	hd_piratez	0	1	0	
fx	STR_SCATTER_LASER	hd_shared?	1	0	0	same rule name in X-Com Files: check in the game
fx	STR_SCEPTER_OF_FEAR	hd_piratez	0	1	0	
fx	STR_SCOURGE_SMG	hd_piratez	0	1	0	
fx	STR_SCOURGE_SMG_CLIP_AP	hd_piratez	0	1	0	
fx	STR_SCOURGE_SMG_CLIP_BIO	hd_piratez	0	1	0	
fx	STR_SCOURGE_SMG_CLIP_EMP	hd_piratez	0	1	0	
fx	STR_SCOUT_RIFLE	hd_piratez	0	1	0	
fx	STR_SCROLL_PINK	hd_piratez	0	1	0	
fx	STR_SDD	hd_piratez	0	1	0	
fx	STR_SELF_DESTRUCT_DEVICE	hd_piratez	0	1	0	
fx	STR_SELF_DESTRUCT_DEVICE_MINE	hd_piratez	0	1	0	
fx	STR_SELF_DESTRUCT_DEVICE_PREQ	hd_piratez	0	1	0	
fx	STR_SHARK_GARLAND	hd_piratez	0	1	0	
fx	STR_SHEPHERDS_STAFF	hd_piratez	0	1	0	
fx	STR_SHIV	hd_shared?	1	0	0	same rule name in X-Com Files: check in the game
fx	STR_SHOOTA	hd_piratez	0	1	0	
fx	STR_SHOOTA_CLIP	hd_piratez	0	1	0	
fx	STR_SHOOTA_CLIP_LARGE	hd_piratez	0	1	0	
fx	STR_SHOOTA_CLIP_SMALL	hd_piratez	0	1	0	
fx	STR_SHOOTA_MK2	hd_piratez	0	1	0	
fx	STR_SHOOTA_MK3	hd_piratez	0	1	0	
fx	STR_SHORT_SWORD	hd_piratez	0	1	0	
fx	STR_SHOTGUN	hd_shared?	1	0	0	same rule name in X-Com Files: check in the game
fx	STR_SHOTGUN_ADV	hd_piratez	0	1	0	
fx	STR_SHOTGUN_FIST	hd_piratez	0	1	0	
fx	STR_SHOTGUN_G	hd_piratez	0	1	0	
fx	STR_SHOTGUN_G_SHELLS	hd_piratez	0	1	0	
fx	STR_SHOTGUN_G_SHELLS_HV	hd_piratez	0	1	0	
fx	STR_SHOTGUN_G_SHELLS_I	hd_piratez	0	1	0	
fx	STR_SHOTGUN_G_SHELLS_NUKE	hd_piratez	0	1	0	
fx	STR_SHOTGUN_LT	hd_piratez	0	1	0	
fx	STR_SHOTGUN_OF_THE_DEAD	hd_piratez	0	1	0	
fx	STR_SHOTGUN_PA	hd_piratez	0	1	0	
fx	STR_SHOTGUN_PA_SHELLS	hd_piratez	0	1	0	
fx	STR_SHOTGUN_PA_SHELLS_NUKE	hd_piratez	0	1	0	
fx	STR_SHOTGUN_PA_SLUGS	hd_piratez	0	1	0	
fx	STR_SHOTGUN_PA_SLUGS_AP	hd_piratez	0	1	0	
fx	STR_SHOTGUN_POLICE	hd_piratez	0	1	0	
fx	STR_SHOTGUN_SHELLS	hd_shared?	1	0	0	same rule name in X-Com Files: check in the game
fx	STR_SHOTGUN_SHELLS_ACID	hd_piratez	0	1	0	
fx	STR_SHOTGUN_SHELLS_AP	hd_shared?	1	0	0	same rule name in X-Com Files: check in the game
fx	STR_SHOTGUN_SHELLS_HEAT	hd_piratez	0	1	0	
fx	STR_SHOTGUN_SHELLS_NUKE	hd_piratez	0	1	0	
fx	STR_SHOTGUN_SHELLS_RUBBER	hd_piratez	0	1	0	
fx	STR_SHOTGUN_SHIELD	hd_piratez	0	1	0	
fx	STR_SHOULDER_LAUNCHER	hd_piratez	0	1	0	
fx	STR_SHOVEL	hd_piratez	0	1	0	
fx	STR_SHREDDER	hd_piratez	0	1	0	
fx	STR_SHROOM_BAG	hd_piratez	0	1	0	
fx	STR_SICKLE	hd_piratez	0	1	0	
fx	STR_SINGING_SPEAR	hd_piratez	0	1	0	
fx	STR_SKORPION	hd_shared?	1	0	0	same rule name in X-Com Files: check in the game
fx	STR_SKORPION_CLIP_API	hd_piratez	0	1	0	
fx	STR_SKULL_ROD	hd_piratez	0	1	0	
fx	STR_SLAVE	hd_piratez	0	1	0	
fx	STR_SLAVERS_CANE	hd_piratez	0	1	0	
fx	STR_SLAVE_GLADIATRIX	hd_piratez	0	1	0	
fx	STR_SLAVE_GOPHER	hd_piratez	0	1	0	
fx	STR_SLAVE_MAID	hd_piratez	0	1	0	
fx	STR_SLAVE_MANAGER	hd_piratez	0	1	0	
fx	STR_SLAVE_SKILLED	hd_piratez	0	1	0	
fx	STR_SLICER	hd_piratez	0	1	0	
fx	STR_SLUDGEHAMMER	hd_piratez	0	1	0	
fx	STR_SLUGGA	hd_piratez	0	1	0	
fx	STR_SLUGGA_AMMO	hd_piratez	0	1	0	
fx	STR_SLUGGA_AMMO_HE	hd_piratez	0	1	0	
fx	STR_SLUGGA_AMMO_PSI	hd_piratez	0	1	0	
fx	STR_SLUGGA_AMMO_SHOT	hd_piratez	0	1	0	
fx	STR_SLUGGA_MK2	hd_piratez	0	1	0	
fx	STR_SLUGGA_MK2_CLIP	hd_piratez	0	1	0	
fx	STR_SLUGGA_MK2_CLIP_HEX	hd_piratez	0	1	0	
fx	STR_SLUGGA_MK2_CLIP_S	hd_piratez	0	1	0	
fx	STR_SLUGTHROWER	hd_piratez	0	1	0	
fx	STR_SLUGTHROWER_SHELLS	hd_piratez	0	1	0	
fx	STR_SLUGTHROWER_SHELLS_ACID	hd_piratez	0	1	0	
fx	STR_SLUGTHROWER_SHELLS_HE	hd_piratez	0	1	0	
fx	STR_SL_ACID	hd_piratez	0	1	0	
fx	STR_SL_EMP	hd_piratez	0	1	0	
fx	STR_SL_GAS	hd_piratez	0	1	0	
fx	STR_SL_HE	hd_piratez	0	1	0	
fx	STR_SL_HELL	hd_piratez	0	1	0	
fx	STR_SL_I	hd_piratez	0	1	0	
fx	STR_SL_SMOKE	hd_piratez	0	1	0	
fx	STR_SMALL_CANNON_ROUNDS_X50	hd_piratez	0	1	0	
fx	STR_SMALL_LAUNCHER	hd_shared?	1	0	1	same rule name in X-Com Files: check in the game
fx	STR_SMALL_ROCKET	hd_shared?	1	0	1	same rule name in X-Com Files: check in the game
fx	STR_SMALL_ROCKET_ADV	hd_piratez	0	1	0	
fx	STR_SMALL_ROCKET_ADV_QUAD	hd_piratez	0	1	0	
fx	STR_SMALL_ROCKET_FAE	hd_piratez	0	1	0	
fx	STR_SMALL_ROCKET_FAE_QUAD	hd_piratez	0	1	0	
fx	STR_SMALL_ROCKET_FUSION	hd_piratez	0	1	0	
fx	STR_SMALL_ROCKET_FUSION_QUAD	hd_piratez	0	1	0	
fx	STR_SMALL_ROCKET_NOOK	hd_piratez	0	1	0	
fx	STR_SMALL_ROCKET_NUKE	hd_piratez	0	1	0	
fx	STR_SMALL_ROCKET_NUKE_QUAD	hd_piratez	0	1	0	
fx	STR_SMALL_ROCKET_QUAD	hd_piratez	0	1	0	
fx	STR_SMALL_SHOTGUN	hd_shared?	1	0	0	same rule name in X-Com Files: check in the game
fx	STR_SMARTGUN	hd_piratez	0	1	0	
fx	STR_SMARTRIFLE	hd_piratez	0	1	0	
fx	STR_SMARTRIFLE_CLIP	hd_piratez	0	1	0	
fx	STR_SMARTRIFLE_CLIP_HVAP	hd_piratez	0	1	0	
fx	STR_SMART_CANNON	hd_piratez	0	1	0	
fx	STR_SMART_CANNON_CLIP	hd_piratez	0	1	0	
fx	STR_SMG	hd_shared?	1	0	0	same rule name in X-Com Files: check in the game
fx	STR_SMG_10MM	hd_piratez	0	1	0	
fx	STR_SMG_10MM_CLIP	hd_piratez	0	1	0	
fx	STR_SMG_10MM_CLIP_AQUA	hd_piratez	0	1	0	
fx	STR_SMG_50CAL	hd_piratez	0	1	0	
fx	STR_SMG_50CAL_CLIP	hd_piratez	0	1	0	
fx	STR_SMG_ADV	hd_piratez	0	1	0	
fx	STR_SMG_ADV_CLIP	hd_piratez	0	1	0	
fx	STR_SMG_ADV_CLIP_ETAP	hd_piratez	0	1	0	
fx	STR_SMG_BM_K	hd_piratez	0	1	0	
fx	STR_SMG_CLIP	hd_shared?	1	0	0	same rule name in X-Com Files: check in the game
fx	STR_SMG_CLIP_ACID	hd_piratez	0	1	0	
fx	STR_SMG_CLIP_INCENDIARY	hd_piratez	0	1	0	
fx	STR_SMG_RAMSH	hd_piratez	0	1	0	
fx	STR_SMG_SPIKED	hd_piratez	0	1	0	
fx	STR_SMG_SPIKED_HOLO	hd_piratez	0	1	0	
fx	STR_SMOKE_GRENADE	hd_shared?	1	0	1	same rule name in X-Com Files: check in the game
fx	STR_SNIPER_LASER	hd_piratez	0	1	0	
fx	STR_SNIPER_LASER_CLIP_AP	hd_piratez	0	1	0	
fx	STR_SNIPER_LASER_CLIP_HI	hd_piratez	0	1	0	
fx	STR_SNIPER_LASER_CLIP_LO	hd_piratez	0	1	0	
fx	STR_SNIPER_LASER_PIR	hd_piratez	0	1	0	
fx	STR_SNIPER_RIFLE	hd_shared?	1	0	0	same rule name in X-Com Files: check in the game
fx	STR_SNIPER_RIFLE_ADV	hd_piratez	0	1	0	
fx	STR_SNIPER_RIFLE_ADV_CLIP	hd_piratez	0	1	0	
fx	STR_SNIPER_RIFLE_ADV_CLIP_HVAP	hd_piratez	0	1	0	
fx	STR_SNIPER_RIFLE_CLIP	hd_shared?	1	0	0	same rule name in X-Com Files: check in the game
fx	STR_SNIPER_RIFLE_CLIP_AP	hd_piratez	0	1	0	
fx	STR_SNIPER_RIFLE_CLIP_PS	hd_piratez	0	1	0	
fx	STR_SNIPER_RIFLE_LT	hd_piratez	0	1	0	
fx	STR_SNIPER_RIFLE_LT_CLIP	hd_piratez	0	1	0	
fx	STR_SNUBBY	hd_piratez	0	1	0	
fx	STR_SNUBBY_DRUM	hd_piratez	0	1	0	
fx	STR_SNUBBY_DRUM_NUKE	hd_piratez	0	1	0	
fx	STR_SNUBBY_DRUM_SLAYER	hd_piratez	0	1	0	
fx	STR_SOL_DEMO_CHARGE	hd_piratez	0	1	0	
fx	STR_SONIC_CANNON	hd_shared?	1	0	0	same rule name in X-Com Files: check in the game
fx	STR_SONIC_CANNON_CLIP	hd_shared?	1	0	0	same rule name in X-Com Files: check in the game
fx	STR_SONIC_PISTOL	hd_shared?	1	0	0	same rule name in X-Com Files: check in the game
fx	STR_SONIC_PISTOL_CLIP	hd_shared?	1	0	0	same rule name in X-Com Files: check in the game
fx	STR_SONIC_PULSER	hd_shared?	1	0	0	same rule name in X-Com Files: check in the game
fx	STR_SONIC_RIFLE	hd_piratez	0	1	0	
fx	STR_SONIC_RIFLE_CLIP	hd_piratez	0	1	0	
fx	STR_SPARTAN_MG	hd_piratez	0	1	0	
fx	STR_SPARTAN_MG_AMMO	hd_piratez	0	1	0	
fx	STR_SPAWN_14MM_LIGHT_TURRET	hd_piratez	0	1	0	
fx	STR_SPAWN_BLACK_PYRAMID	hd_piratez	0	1	0	
fx	STR_SPAWN_BUNKER_TURRET	hd_piratez	0	1	0	
fx	STR_SPAWN_CAMERA	hd_piratez	0	1	0	
fx	STR_SPAWN_CIVILIAN_CASTAWAY_GAL	hd_piratez	0	1	0	
fx	STR_SPAWN_CIVILIAN_FIELD_GUN_TERRORIST	hd_piratez	0	1	0	
fx	STR_SPAWN_CIVILIAN_GOVT_ARMORED_CAR	hd_piratez	0	1	0	
fx	STR_SPAWN_CIVILIAN_GOVT_DETECTIVE_CIV	hd_piratez	0	1	0	
fx	STR_SPAWN_CIVILIAN_GOVT_ELITE_CIV	hd_piratez	0	1	0	
fx	STR_SPAWN_CIVILIAN_GOVT_ENFORCER_CIV	hd_piratez	0	1	0	
fx	STR_SPAWN_CIVILIAN_GOVT_GENERAL_CIV	hd_piratez	0	1	0	
fx	STR_SPAWN_CIVILIAN_GOVT_MP_CIV	hd_piratez	0	1	0	
fx	STR_SPAWN_DOCTOR_X_A70	hd_piratez	0	1	0	
fx	STR_SPAWN_DOCTOR_X_KNIGHT_50	hd_piratez	0	1	0	
fx	STR_SPAWN_DOOM_HELL_BARON_EYE	hd_piratez	0	1	0	
fx	STR_SPAWN_ENEMY_14MM_TURRET	hd_piratez	0	1	0	
fx	STR_SPAWN_ENEMY_AUR_1	hd_piratez	0	1	0	
fx	STR_SPAWN_ENEMY_BUTCH	hd_piratez	0	1	0	
fx	STR_SPAWN_ENEMY_CYBERTURRET_PLASMA	hd_piratez	0	1	0	
fx	STR_SPAWN_ENEMY_DAMSEL_SACRIFICE	hd_piratez	0	1	0	
fx	STR_SPAWN_ENEMY_DANCER	hd_piratez	0	1	0	
fx	STR_SPAWN_ENEMY_DOGG_TERRORIST	hd_piratez	0	1	0	
fx	STR_SPAWN_ENEMY_FIELD_GUN_TERRORIST	hd_piratez	0	1	0	
fx	STR_SPAWN_ENEMY_GNOME_ARMORED	hd_piratez	0	1	0	
fx	STR_SPAWN_ENEMY_GOLDEN_SAINT	hd_piratez	0	1	0	
fx	STR_SPAWN_ENEMY_LOST_SOUL_F	hd_piratez	0	1	0	
fx	STR_SPAWN_ENEMY_LOST_SOUL_M	hd_piratez	0	1	0	
fx	STR_SPAWN_ENEMY_MARSEC_SENTRY_DRONE	hd_piratez	0	1	0	
fx	STR_SPAWN_ENEMY_MINIGUN_TURRET	hd_piratez	0	1	0	
fx	STR_SPAWN_ENEMY_OGRE_KONVIKT	hd_piratez	0	1	0	
fx	STR_SPAWN_ENEMY_PLASMA_GATLING_TURRET	hd_piratez	0	1	0	
fx	STR_SPAWN_ENEMY_ROBOT_MAID	hd_piratez	0	1	0	
fx	STR_SPAWN_ENEMY_SKELETON_TERRORIST	hd_piratez	0	1	0	
fx	STR_SPAWN_ENEMY_TOMB_GUARDIAN	hd_piratez	0	1	0	
fx	STR_SPAWN_ENEMY_TURRET_BLUE_TERRORIST	hd_piratez	0	1	0	
fx	STR_SPAWN_ENEMY_ZOMBIE	hd_piratez	0	1	0	
fx	STR_SPAWN_ETHEREAL_KOSCHEY_F	hd_piratez	0	1	0	
fx	STR_SPAWN_ETHEREAL_UNDEAD_NEUTRAL	hd_piratez	0	1	0	
fx	STR_SPAWN_FRIENDLY_AWAKENED_CORPSE	hd_piratez	0	1	0	
fx	STR_SPAWN_FRIENDLY_CIVILIAN_DORF	hd_piratez	0	1	0	
fx	STR_SPAWN_FRIENDLY_CIVILIAN_TRIBAL_VIP	hd_piratez	0	1	0	
fx	STR_SPAWN_FRIENDLY_GOVT_EXTERMINATOR	hd_piratez	0	1	0	
fx	STR_SPAWN_FRIENDLY_HALF_UBER_GIRL	hd_piratez	0	1	0	
fx	STR_SPAWN_FRIENDLY_RAYNERD	hd_piratez	0	1	0	
fx	STR_SPAWN_FRIENDLY_SURVIVOR	hd_piratez	0	1	0	
fx	STR_SPAWN_HITLUR	hd_piratez	0	1	0	
fx	STR_SPAWN_MUTON_ULTRA	hd_piratez	0	1	0	
fx	STR_SPAWN_NEUTRAL_BEES	hd_piratez	0	1	0	
fx	STR_SPAWN_NEUTRAL_SLAVE_GLADIATRIX	hd_piratez	0	1	0	
fx	STR_SPAWN_NEUTRAL_SLAVE_MAID	hd_piratez	0	1	0	
fx	STR_SPAWN_PIRATE_TANK_TURRET	hd_piratez	0	1	0	
fx	STR_SPAWN_RED_MAGE_RITUAL	hd_piratez	0	1	0	
fx	STR_SPAWN_SECTOPOD_TERRORIST_F	hd_piratez	0	1	0	
fx	STR_SPAWN_SHUTTLE_ATURRET_NEUTRAL	hd_piratez	0	1	0	
fx	STR_SPAWN_STYGIAN_GARGOYLE	hd_piratez	0	1	0	
fx	STR_SPAWN_TIGER_TANK_TURRET	hd_piratez	0	1	0	
fx	STR_SPAWN_TREE_OF_LIFF	hd_piratez	0	1	0	
fx	STR_SPAWN_TRUCK_TURRET	hd_piratez	0	1	0	
fx	STR_SPAWN_TRUCK_TURRET_ENEMY	hd_piratez	0	1	0	
fx	STR_SPAWN_XTURRET_CANNON	hd_piratez	0	1	0	
fx	STR_SPAWN_XTURRET_GAUSS	hd_piratez	0	1	0	
fx	STR_SPAWN_XTURRET_LASER	hd_piratez	0	1	0	
fx	STR_SPAWN_XTURRET_PLASMA	hd_piratez	0	1	0	
fx	STR_SPEAR	hd_shared?	1	0	0	same rule name in X-Com Files: check in the game
fx	STR_SPIKEBALL	hd_piratez	0	1	0	
fx	STR_SPIKED_MACE	hd_piratez	0	1	0	
fx	STR_SPORES_TOXIN	hd_piratez	0	1	0	
fx	STR_SPORE_LAUNCHER	hd_piratez	0	1	0	
fx	STR_SPORTS_RIFLE	hd_piratez	0	1	0	
fx	STR_SPY_PISTOL	hd_piratez	0	1	0	
fx	STR_SPY_PISTOL_CLIP	hd_piratez	0	1	0	
fx	STR_SR_PISTOL	hd_piratez	0	1	0	
fx	STR_SR_PISTOL_CLIP	hd_piratez	0	1	0	
fx	STR_SR_RIFLE	hd_piratez	0	1	0	
fx	STR_SR_RIFLE_CLIP	hd_piratez	0	1	0	
fx	STR_SR_SHOTGUN	hd_piratez	0	1	0	
fx	STR_SR_SHOTGUN_CLIP	hd_piratez	0	1	0	
fx	STR_SSRL	hd_piratez	0	1	0	
fx	STR_SSRL_2	hd_piratez	0	1	0	
fx	STR_STAFF_OF_BURNING_SOULS	hd_piratez	0	1	0	
fx	STR_STAFF_OF_EXPLOSION	hd_piratez	0	1	0	
fx	STR_STAPLER_CLIP	hd_piratez	0	1	0	
fx	STR_STASIS_GRENADE	hd_piratez	0	1	0	
fx	STR_STEAM_HAMMER	hd_piratez	0	1	0	
fx	STR_STICK_BOMB	hd_piratez	0	1	0	
fx	STR_STICK_GRENADE	hd_piratez	0	1	0	
fx	STR_STONE_AX	hd_piratez	0	1	0	
fx	STR_STOP_SIGN	hd_piratez	0	1	0	
fx	STR_STORM_LASER	hd_piratez	0	1	0	
fx	STR_STORM_LASER_CLIP_AP	hd_piratez	0	1	0	
fx	STR_STORM_LASER_CLIP_HI	hd_piratez	0	1	0	
fx	STR_STORM_LASER_CLIP_LO	hd_piratez	0	1	0	
fx	STR_STREET_SWEEPER	hd_piratez	0	1	0	
fx	STR_STUN_BATON	hd_piratez	0	1	0	
fx	STR_STUN_BOMB	hd_shared?	1	0	1	same rule name in X-Com Files: check in the game
fx	STR_STUN_GRENADE_PIR	hd_piratez	0	1	0	
fx	STR_STUN_ROD	hd_shared?	1	0	1	same rule name in X-Com Files: check in the game
fx	STR_SUMMON_DOOM_CACODEMON	hd_piratez	0	1	0	
fx	STR_SUMMON_DOOM_HELL_BARON	hd_piratez	0	1	0	
fx	STR_SUMMON_DOOM_SPIDERDEMON_TERRORIST	hd_piratez	0	1	0	
fx	STR_SUNBLADES	hd_piratez	0	1	0	
fx	STR_SUPERHEAVY_RIFLE	hd_piratez	0	1	0	
fx	STR_SUPERHEAVY_RIFLE_AMMO	hd_piratez	0	1	0	
fx	STR_SUPER_MAGNUM	hd_piratez	0	1	0	
fx	STR_SUPER_SAWED_OFF	hd_piratez	0	1	0	
fx	STR_SUPER_SHOTGUN	hd_piratez	0	1	0	
fx	STR_SUPER_SHOTGUN_CLIP	hd_piratez	0	1	0	
fx	STR_SUPER_SHOTGUN_CLIP_HVAP	hd_piratez	0	1	0	
fx	STR_SUPER_SHOTGUN_CLIP_I2	hd_piratez	0	1	0	
fx	STR_SUPER_STAPLER	hd_piratez	0	1	0	
fx	STR_SURVIVAL_BOW	hd_piratez	0	1	0	
fx	STR_SWORD	hd_piratez	0	1	0	
fx	STR_SWORD_CHITIN	hd_piratez	0	1	0	
fx	STR_SWORD_MDV	hd_piratez	0	1	0	
fx	STR_SWORD_PS	hd_piratez	0	1	0	
fx	STR_TAMED_REAPER	hd_piratez	0	1	0	
fx	STR_TANK_CANNON	hd_shared?	1	0	1	same rule name in X-Com Files: check in the game
fx	STR_TANK_LASER_CANNON	hd_shared?	1	0	1	same rule name in X-Com Files: check in the game
fx	STR_TANK_ROCKET_LAUNCHER	hd_shared?	1	0	1	same rule name in X-Com Files: check in the game
fx	STR_TASER	hd_shared?	1	0	0	same rule name in X-Com Files: check in the game
fx	STR_TEC9	hd_piratez	0	1	0	
fx	STR_TEC9_CLIP	hd_piratez	0	1	0	
fx	STR_TECH_CLEAVER	hd_piratez	0	1	0	
fx	STR_TECH_KNIFE	hd_piratez	0	1	0	
fx	STR_TESLA_COIL	hd_piratez	0	1	0	
fx	STR_THERMAL_LANCE	hd_piratez	0	1	0	
fx	STR_THE_FINAL_COUNTDOWN	hd_piratez	0	1	0	
fx	STR_THROWING_AXES	hd_shared?	1	0	0	same rule name in X-Com Files: check in the game
fx	STR_THROWING_CARDS	hd_piratez	0	1	0	
fx	STR_THROWING_HAMMER	hd_piratez	0	1	0	
fx	STR_THROWING_STARS	hd_shared?	1	0	0	same rule name in X-Com Files: check in the game
fx	STR_THUNDERSTRIKER	hd_piratez	0	1	0	
fx	STR_THUNDER_SICKLE	hd_piratez	0	1	0	
fx	STR_TK_DEVICE	hd_piratez	0	1	0	
fx	STR_TOME_LIGHTNING	hd_piratez	0	1	0	
fx	STR_TOMMYGUN	hd_shared?	1	0	0	same rule name in X-Com Files: check in the game
fx	STR_TOMMYGUN_DRUM	hd_shared?	1	0	0	same rule name in X-Com Files: check in the game
fx	STR_TOMMYGUN_DRUM_LASER	hd_piratez	0	1	0	
fx	STR_TOMMYGUN_DRUM_PLASMA	hd_piratez	0	1	0	
fx	STR_TOMMYGUN_LASER	hd_piratez	0	1	0	
fx	STR_TOMMYGUN_PLASMA	hd_piratez	0	1	0	
fx	STR_TONFA	hd_shared?	1	0	0	same rule name in X-Com Files: check in the game
fx	STR_TORCH	hd_piratez	0	1	0	
fx	STR_TOXIGUN	hd_shared?	1	0	0	same rule name in X-Com Files: check in the game
fx	STR_TOXIGUN_CLIP	hd_piratez	0	1	0	
fx	STR_TRAP_BLOODLETTER_FEM	hd_piratez	0	1	0	
fx	STR_TRAP_SELF_DESTRUCT_13_23	hd_piratez	0	1	0	
fx	STR_TTGL	hd_piratez	0	1	0	
fx	STR_TTGL_CLIP	hd_piratez	0	1	0	
fx	STR_TTGL_CLIP_NUKE	hd_piratez	0	1	0	
fx	STR_UAC_CARBINE	hd_piratez	0	1	0	
fx	STR_UAC_CLIP	hd_piratez	0	1	0	
fx	STR_UAC_CLIP_AQUA	hd_piratez	0	1	0	
fx	STR_UAC_HEAVY_NAILGUN	hd_shared?	1	0	0	same rule name in X-Com Files: check in the game
fx	STR_UAC_HEAVY_NAILGUN_CLIP	hd_shared?	1	0	0	same rule name in X-Com Files: check in the game
fx	STR_UAC_LASER_RIFLE	hd_piratez	0	1	0	
fx	STR_UAC_LASER_RIFLE_CLIP	hd_piratez	0	1	0	
fx	STR_UAC_LASER_RIFLE_CLIP_OLD	hd_piratez	0	1	0	
fx	STR_UAC_PISTOL	hd_shared?	1	0	0	same rule name in X-Com Files: check in the game
fx	STR_UAC_PISTOL_CLIP	hd_shared?	1	0	0	same rule name in X-Com Files: check in the game
fx	STR_UAC_PISTOL_CLIP_AQUA	hd_piratez	0	1	0	
fx	STR_UAC_PLASMAGUN	hd_piratez	0	1	0	
fx	STR_UAC_PLASMAGUN_BATTERY	hd_piratez	0	1	0	
fx	STR_UAC_RIFLE	hd_shared?	1	0	0	same rule name in X-Com Files: check in the game
fx	STR_UAC_RIFLE_AUX	hd_piratez	0	1	0	
fx	STR_UAC_ROCKET_LAUNCHER	hd_shared?	1	0	0	same rule name in X-Com Files: check in the game
fx	STR_UAC_ROCKET_LAUNCHER_ROCKETS	hd_piratez	0	1	0	
fx	STR_UAC_SHOTGUN	hd_shared?	1	0	0	same rule name in X-Com Files: check in the game
fx	STR_UAC_SHOTGUN_SHELLS	hd_shared?	1	0	0	same rule name in X-Com Files: check in the game
fx	STR_UAC_SHOTGUN_SHELLS_NUKE	hd_piratez	0	1	0	
fx	STR_UNARMED_GAUNTLET	hd_piratez	0	1	0	
fx	STR_UNARMED_GAUNTLET_PLUS	hd_piratez	0	1	0	
fx	STR_UNARMED_WRESTLING	hd_piratez	0	1	0	
fx	STR_VAMPIRIC_SWORD	hd_piratez	0	1	0	
fx	STR_VARMINT_RIFLE	hd_piratez	0	1	0	
fx	STR_VARMINT_RIFLE_CLIP	hd_piratez	0	1	0	
fx	STR_VIBRO_AX	hd_piratez	0	1	0	
fx	STR_VIBRO_BLADE	hd_shared?	1	0	0	same rule name in X-Com Files: check in the game
fx	STR_VIBRO_SPEAR	hd_piratez	0	1	0	
fx	STR_VR_ALIEN_GRENADE	hd_piratez	0	1	0	
fx	STR_VR_BLASTER_LAUNCHER	hd_piratez	0	1	0	
fx	STR_VR_HEAVY_PLASMA	hd_piratez	0	1	0	
fx	STR_VR_PLASMA_PISTOL	hd_piratez	0	1	0	
fx	STR_VR_PLASMA_RIFLE	hd_piratez	0	1	0	
fx	STR_WAKIZASHI	hd_shared?	1	0	0	same rule name in X-Com Files: check in the game
fx	STR_WAND_CHOKE	hd_piratez	0	1	0	
fx	STR_WAND_FIRE	hd_piratez	0	1	0	
fx	STR_WAND_HARTO	hd_piratez	0	1	0	
fx	STR_WAND_PAIN	hd_piratez	0	1	0	
fx	STR_WARP_CANNON	hd_shared?	1	0	0	same rule name in X-Com Files: check in the game
fx	STR_WARP_RIFLE	hd_shared?	1	0	0	same rule name in X-Com Files: check in the game
fx	STR_WEREDOGE	hd_piratez	0	1	0	
fx	STR_WHIP	hd_piratez	0	1	0	
fx	STR_WHIP_BLOOD_VINE	hd_piratez	0	1	0	
fx	STR_WHIP_LEATHER	hd_piratez	0	1	0	
fx	STR_WHITERABBIT	hd_piratez	0	1	0	
fx	STR_WINCHESTER	hd_piratez	0	1	0	
fx	STR_WINCHESTER_AMMO	hd_piratez	0	1	0	
fx	STR_WINCHESTER_AMMO_EP	hd_piratez	0	1	0	
fx	STR_WINCHESTER_AMMO_SLAYER	hd_piratez	0	1	0	
fx	STR_WIZ_SPELL_ARES	hd_piratez	0	1	0	
fx	STR_WIZ_SPELL_ATHENA	hd_piratez	0	1	0	
fx	STR_WIZ_SPELL_DAZZLER	hd_piratez	0	1	0	
fx	STR_WIZ_SPELL_EREBUS	hd_piratez	0	1	0	
fx	STR_WIZ_SPELL_HADES	hd_piratez	0	1	0	
fx	STR_WIZ_SPELL_HOLOGAL	hd_piratez	0	1	0	
fx	STR_WIZ_SPELL_MENTAL_RAY	hd_piratez	0	1	0	
fx	STR_WIZ_SPELL_THANATOS	hd_piratez	0	1	0	
fx	STR_WOLFGUN	hd_piratez	0	1	0	
fx	STR_WORKER	hd_piratez	0	1	0	
fx	STR_WP_GRENADE	hd_piratez	0	1	0	
fx	STR_WP_MINE_UNRECOVERABLE	hd_piratez	0	1	0	
fx	STR_WRAITH_BLADE	hd_piratez	0	1	0	
fx	STR_WRECKIN_BALL	hd_piratez	0	1	0	
fx	STR_WRENCH	hd_shared?	1	0	0	same rule name in X-Com Files: check in the game
fx	STR_WYVERN_PLASMA_GUN	hd_piratez	0	1	0	
fx	STR_XBOW	hd_piratez	0	1	0	
fx	STR_XBOW_CORAL	hd_piratez	0	1	0	
fx	STR_XBOW_CORAL_QUIVER	hd_piratez	0	1	0	
fx	STR_XBOW_QUIVER	hd_piratez	0	1	0	
fx	STR_XG_HEAVY	hd_piratez	0	1	0	
fx	STR_XG_HEAVY_CLIP	hd_piratez	0	1	0	
fx	STR_XG_HEAVY_CLIP_AQUA	hd_piratez	0	1	0	
fx	STR_XG_PISTOL	hd_piratez	0	1	0	
fx	STR_XG_PISTOL_CLIP	hd_piratez	0	1	0	
fx	STR_XG_PISTOL_CLIP_AQUA	hd_piratez	0	1	0	
fx	STR_XG_RIFLE	hd_piratez	0	1	0	
fx	STR_XG_RIFLE_CLIP	hd_piratez	0	1	0	
fx	STR_XG_RIFLE_CLIP_AQUA	hd_piratez	0	1	0	
fx	STR_XG_SNIPER_RIFLE	hd_piratez	0	1	0	
fx	STR_XG_SNIPER_RIFLE_CLIP	hd_piratez	0	1	0	
fx	STR_XG_SNIPER_RIFLE_CLIP_AQUA	hd_piratez	0	1	0	
fx	STR_YEOMAN	hd_piratez	0	1	0	
fx	STR_ZAP_GUN	hd_piratez	0	1	0	
fx	STR_ZEERUST_GL_DP_CLIP	hd_piratez	0	1	0	
fx	STR_ZEERUST_RIFLE	hd_piratez	0	1	0	
fx	STR_ZIPGUN	hd_piratez	0	1	0	
fx	STR_ZOMBIGAL_ABILITIES	hd_piratez	0	1	0	
fx	TIMEBOMB_COLD_FOG	hd_piratez	0	1	0	
fx	TIMEBOMB_FIRE_EXHAUST	hd_piratez	0	1	0	
fx	TIMEBOMB_FUMES	hd_piratez	0	1	0	
fx	TIMEBOMB_HEAT_LEWD	hd_piratez	0	1	0	
fx	TIMEBOMB_INCENDIARIES	hd_piratez	0	1	0	
fx	TRAP_ACID_BLAST	hd_piratez	0	1	0	
fx	TRAP_FIRE_BLAST	hd_piratez	0	1	0	
fx	TRAP_HALLUCINOGEN_BOMB	hd_piratez	0	1	0	
fx	TRAP_HALLUCINOGEN_GAS	hd_piratez	0	1	0	
fx	TRAP_KNOCKOUT_GAS	hd_piratez	0	1	0	
fx	TRAP_MINE	hd_piratez	0	1	0	
fx	TRAP_POISON_DARTS	hd_piratez	0	1	0	
fx	TRAP_POISON_GAS	hd_piratez	0	1	0	
fx	TRAP_SPIKE	hd_piratez	0	1	0	
fx	TRAP_TERRAIN_REMOVER	hd_piratez	0	1	0	
outline	STR_ABDUCTOR	hd_shared?	1	0	1	same rule name in X-Com Files: check in the game, and the craft sprite
outline	STR_AIRBUS	hd_piratez	0	1	0	
outline	STR_AIRBUS_STANDARD	hd_piratez	0	1	0	
outline	STR_AIRCAR	hd_piratez	0	1	0	
outline	STR_AIRSPEEDER	hd_piratez	0	1	0	
outline	STR_AIRTRUCK	hd_piratez	0	1	0	
outline	STR_AIRVAN	hd_piratez	0	1	0	
outline	STR_AVENGER	hd_shared?	1	0	1	same rule name in X-Com Files: check in the game, and the craft sprite
outline	STR_BALOON	hd_piratez	0	1	0	
outline	STR_BARACUDA	hd_piratez	0	1	0	
outline	STR_BATTLESHIP	hd_shared?	1	0	1	same rule name in X-Com Files: check in the game, and the craft sprite
outline	STR_BATTLE_TAXI	hd_piratez	0	1	0	
outline	STR_BIGENTRY	hd_piratez	0	1	0	
outline	STR_BIG_BIRD	hd_piratez	0	1	0	
outline	STR_BRAVE_WHALER	hd_piratez	0	1	0	
outline	STR_BRIG	hd_piratez	0	1	0	
outline	STR_CADILLAC	hd_piratez	0	1	0	
outline	STR_CAPSULE	hd_piratez	0	1	0	
outline	STR_CHARIOT	hd_piratez	0	1	0	
outline	STR_CHURCH_ENTRY	hd_piratez	0	1	0	
outline	STR_CONVOY	hd_piratez	0	1	0	
outline	STR_DELOREAN	hd_piratez	0	1	0	
outline	STR_DELOREAN2	hd_piratez	0	1	0	
outline	STR_DEVASTATOR	hd_piratez	0	1	0	
outline	STR_DRAKKAR	hd_piratez	0	1	0	
outline	STR_DROPSHIP	hd_shared?	1	0	0	same rule name in X-Com Files: check in the game, and the craft sprite
outline	STR_EXPEDITION	hd_piratez	0	1	0	
outline	STR_FATSUB	hd_piratez	0	1	0	
outline	STR_FAUST	hd_piratez	0	1	0	
outline	STR_FIREFOX	hd_piratez	0	1	0	
outline	STR_FIRESTORM	hd_shared?	1	0	1	same rule name in X-Com Files: check in the game, and the craft sprite
outline	STR_FORTUNA	hd_piratez	0	1	0	
outline	STR_FUEGO	hd_piratez	0	1	0	
outline	STR_GDXCAR	hd_piratez	0	1	0	
outline	STR_GOLDHAWK	hd_piratez	0	1	0	
outline	STR_HARVESTER	hd_shared?	1	0	1	same rule name in X-Com Files: check in the game, and the craft sprite
outline	STR_HIGHWAY_STAR	hd_piratez	0	1	0	
outline	STR_HUEY	hd_piratez	0	1	0	
outline	STR_HUMVEE	hd_piratez	0	1	0	
outline	STR_HYDRA	hd_piratez	0	1	0	
outline	STR_INTERCEPTOR	hd_shared?	1	0	1	same rule name in X-Com Files: check in the game, and the craft sprite
outline	STR_JETBIKE	hd_piratez	0	1	0	
outline	STR_KRAKEN	hd_piratez	0	1	0	
outline	STR_LARGE_BUNKER	hd_piratez	0	1	0	
outline	STR_LARGE_SCOUT	hd_shared?	1	0	1	same rule name in X-Com Files: check in the game, and the craft sprite
outline	STR_LIGHTNING	hd_shared?	1	0	1	same rule name in X-Com Files: check in the game, and the craft sprite
outline	STR_LITTLE_BIRD	hd_shared?	1	0	0	same rule name in X-Com Files: check in the game, and the craft sprite
outline	STR_LOOTED_BRUH	hd_piratez	0	1	0	
outline	STR_MANHOLE_ENTRY	hd_piratez	0	1	0	
outline	STR_MBT	hd_piratez	0	1	0	
outline	STR_MEDIUM_SCOUT	hd_shared?	1	0	1	same rule name in X-Com Files: check in the game, and the craft sprite
outline	STR_MEDIUM_SCOUT_D	hd_piratez	0	1	0	
outline	STR_METALLO	hd_piratez	0	1	0	
outline	STR_MI2400	hd_piratez	0	1	0	
outline	STR_MINING_SHIP	hd_piratez	0	1	0	
outline	STR_MRSHAN_FIGHTER	hd_piratez	0	1	0	
outline	STR_NIGHTMARE	hd_piratez	0	1	0	
outline	STR_PIGEON	hd_piratez	0	1	0	
outline	STR_PIRANHA_AIRBIKE	hd_piratez	0	1	0	
outline	STR_POD3X5	hd_piratez	0	1	0	
outline	STR_PREDATOR	hd_shared?	1	0	0	same rule name in X-Com Files: check in the game, and the craft sprite
outline	STR_RAIL_POD	hd_piratez	0	1	0	
outline	STR_SABRE	hd_shared?	1	0	0	same rule name in X-Com Files: check in the game, and the craft sprite
outline	STR_SAKURABUS	hd_piratez	0	1	0	
outline	STR_SAPPHIRE_JELLYFISH	hd_piratez	0	1	0	
outline	STR_SCARAB	hd_shared?	1	0	0	same rule name in X-Com Files: check in the game, and the craft sprite
outline	STR_SCHOOLBUS	hd_piratez	0	1	0	
outline	STR_SEC_SCOUT	hd_piratez	0	1	0	
outline	STR_SEKAR	hd_piratez	0	1	0	
outline	STR_SHADOWBAT	hd_shared?	1	0	0	same rule name in X-Com Files: check in the game, and the craft sprite
outline	STR_SKYRANGER	hd_shared?	1	0	1	same rule name in X-Com Files: check in the game, and the craft sprite
outline	STR_SKYRANGER_SHADOW	hd_piratez	0	1	0	
outline	STR_SMALL_SCOUT	hd_shared?	1	0	1	same rule name in X-Com Files: check in the game, and the craft sprite
outline	STR_SUPPLY_SHIP	hd_shared?	1	0	1	same rule name in X-Com Files: check in the game, and the craft sprite
outline	STR_SWORDFISH	hd_piratez	0	1	0	
outline	STR_TERROR_SHIP	hd_shared?	1	0	1	same rule name in X-Com Files: check in the game, and the craft sprite
outline	STR_THUNDER_BIRD	hd_piratez	0	1	0	
outline	STR_TRITON	hd_piratez	0	1	0	
outline	STR_TRUCKS	hd_piratez	0	1	0	
outline	STR_VENTURA	hd_piratez	0	1	0	
outline	STR_VERDANT_SNAKE	hd_piratez	0	1	0	
outline	STR_VESSEL_AIRBUS	hd_piratez	0	1	0	
outline	STR_VESSEL_AMBULANCE	hd_piratez	0	1	0	
outline	STR_VESSEL_ASSAULT_TRANSPORT	hd_piratez	0	1	0	
outline	STR_VESSEL_BANDIT_CAR	hd_piratez	0	1	0	
outline	STR_VESSEL_BANDIT_COBRA	hd_piratez	0	1	0	
outline	STR_VESSEL_BANDIT_MOSQUITO	hd_piratez	0	1	0	
outline	STR_VESSEL_BANDIT_WARTRUCK	hd_piratez	0	1	0	
outline	STR_VESSEL_BANDIT_WASP	hd_piratez	0	1	0	
outline	STR_VESSEL_BANDIT_ZEPP	hd_piratez	0	1	0	
outline	STR_VESSEL_BLACK_BOMBER	hd_piratez	0	1	0	
outline	STR_VESSEL_BLACK_HELICOPTER	hd_piratez	0	1	0	
outline	STR_VESSEL_BOGEYMAN_FLOCK	hd_piratez	0	1	0	
outline	STR_VESSEL_BOGEYMAN_FLOCK_HUNT	hd_piratez	0	1	0	
outline	STR_VESSEL_BOMBER	hd_piratez	0	1	0	
outline	STR_VESSEL_CC_CLOUDCAR	hd_piratez	0	1	0	
outline	STR_VESSEL_CC_FAUST	hd_piratez	0	1	0	
outline	STR_VESSEL_CC_SKYBUS	hd_piratez	0	1	0	
outline	STR_VESSEL_CC_SKYFISH	hd_piratez	0	1	0	
outline	STR_VESSEL_CC_TRANSIT	hd_piratez	0	1	0	
outline	STR_VESSEL_CE_CHASER	hd_piratez	0	1	0	
outline	STR_VESSEL_CE_LIMO	hd_piratez	0	1	0	
outline	STR_VESSEL_CI_HARVESTER	hd_piratez	0	1	0	
outline	STR_VESSEL_CI_TRUCK	hd_piratez	0	1	0	
outline	STR_VESSEL_CORVETTE	hd_piratez	0	1	0	
outline	STR_VESSEL_COURIER	hd_piratez	0	1	0	
outline	STR_VESSEL_CRASHPLANE	hd_piratez	0	1	0	
outline	STR_VESSEL_DESTROYER	hd_piratez	0	1	0	
outline	STR_VESSEL_DREADKNIGHT_FIGHTER	hd_piratez	0	1	0	
outline	STR_VESSEL_ESCORT	hd_piratez	0	1	0	
outline	STR_VESSEL_EXCAVATOR	hd_piratez	0	1	0	
outline	STR_VESSEL_FIGHTER	hd_piratez	0	1	0	
outline	STR_VESSEL_FIGHTER_G	hd_piratez	0	1	0	
outline	STR_VESSEL_FIGHTER_HUNT	hd_piratez	0	1	0	
outline	STR_VESSEL_FOOT_PATROL	hd_piratez	0	1	0	
outline	STR_VESSEL_FOOT_PATROL_NECRO	hd_piratez	0	1	0	
outline	STR_VESSEL_FREIGHTER	hd_piratez	0	1	0	
outline	STR_VESSEL_FREIGHTER_G	hd_piratez	0	1	0	
outline	STR_VESSEL_FREIGHTER_L	hd_piratez	0	1	0	
outline	STR_VESSEL_FRIGATE	hd_piratez	0	1	0	
outline	STR_VESSEL_GHOUL_CRAWLER	hd_piratez	0	1	0	
outline	STR_VESSEL_GOVSHIP	hd_piratez	0	1	0	
outline	STR_VESSEL_GOVSHIP_ASSAULT	hd_piratez	0	1	0	
outline	STR_VESSEL_GOVT_CRUISER	hd_piratez	0	1	0	
outline	STR_VESSEL_GUNBOAT	hd_piratez	0	1	0	
outline	STR_VESSEL_GUNSHIP	hd_piratez	0	1	0	
outline	STR_VESSEL_HARBINGER_OF_DOOM	hd_piratez	0	1	0	
outline	STR_VESSEL_HEAVY_FREIGHTER	hd_piratez	0	1	0	
outline	STR_VESSEL_HEAVY_GUNSHIP	hd_piratez	0	1	0	
outline	STR_VESSEL_HIGHWAYMEN_HOVERCAR	hd_piratez	0	1	0	
outline	STR_VESSEL_HOPPER	hd_piratez	0	1	0	
outline	STR_VESSEL_HOPPER_ACADEMY	hd_piratez	0	1	0	
outline	STR_VESSEL_HOTROD	hd_piratez	0	1	0	
outline	STR_VESSEL_LABSHIP	hd_piratez	0	1	0	
outline	STR_VESSEL_LIGHT_GUNBOAT	hd_piratez	0	1	0	
outline	STR_VESSEL_MARSEC_GUNSHIP	hd_piratez	0	1	0	
outline	STR_VESSEL_MESSENGER	hd_piratez	0	1	0	
outline	STR_VESSEL_MILITARY_TRANSPORT	hd_piratez	0	1	0	
outline	STR_VESSEL_NAZI	hd_piratez	0	1	0	
outline	STR_VESSEL_NIN_1	hd_piratez	0	1	0	
outline	STR_VESSEL_NIN_2	hd_piratez	0	1	0	
outline	STR_VESSEL_NIN_APC	hd_piratez	0	1	0	
outline	STR_VESSEL_NIN_BOMBER	hd_piratez	0	1	0	
outline	STR_VESSEL_NIN_CASTLE	hd_piratez	0	1	0	
outline	STR_VESSEL_NIN_CRAWLER	hd_piratez	0	1	0	
outline	STR_VESSEL_NIN_INTERCEPTOR	hd_piratez	0	1	0	
outline	STR_VESSEL_NIN_JETBIKE	hd_piratez	0	1	0	
outline	STR_VESSEL_NIN_LANDCRUISER	hd_piratez	0	1	0	
outline	STR_VESSEL_NIN_MIG	hd_piratez	0	1	0	
outline	STR_VESSEL_PINK	hd_piratez	0	1	0	
outline	STR_VESSEL_POL_CHASER	hd_piratez	0	1	0	
outline	STR_VESSEL_POL_CRUISER	hd_piratez	0	1	0	
outline	STR_VESSEL_POL_DROPSHIP	hd_piratez	0	1	0	
outline	STR_VESSEL_POL_INTERCEPTOR	hd_piratez	0	1	0	
outline	STR_VESSEL_POL_PATROL	hd_piratez	0	1	0	
outline	STR_VESSEL_RAIDER	hd_piratez	0	1	0	
outline	STR_VESSEL_RAIDER_FIGHTER	hd_piratez	0	1	0	
outline	STR_VESSEL_RAIDER_GUNSHIP	hd_piratez	0	1	0	
outline	STR_VESSEL_REBEL_FIGHTER	hd_piratez	0	1	0	
outline	STR_VESSEL_REBEL_FREIGHTER	hd_piratez	0	1	0	
outline	STR_VESSEL_ROGUE_COURIER	hd_piratez	0	1	0	
outline	STR_VESSEL_RUFF_RAIDERS	hd_piratez	0	1	0	
outline	STR_VESSEL_RUSTFIGHTER3	hd_piratez	0	1	0	
outline	STR_VESSEL_SEC_SCOUT	hd_piratez	0	1	0	
outline	STR_VESSEL_SEKAR	hd_piratez	0	1	0	
outline	STR_VESSEL_SEKTRAK	hd_piratez	0	1	0	
outline	STR_VESSEL_SENTRY	hd_piratez	0	1	0	
outline	STR_VESSEL_SILVER_TOWERS	hd_piratez	0	1	0	
outline	STR_VESSEL_SMUGGLER	hd_piratez	0	1	0	
outline	STR_VESSEL_SMUGGLER_MILENIO	hd_piratez	0	1	0	
outline	STR_VESSEL_SNAKEBOAT	hd_piratez	0	1	0	
outline	STR_VESSEL_SOTL	hd_piratez	0	1	0	
outline	STR_VESSEL_TEC_01	hd_piratez	0	1	0	
outline	STR_VESSEL_USO_CRUISER	hd_piratez	0	1	0	
outline	STR_VESSEL_USO_DREADNOUGHT	hd_piratez	0	1	0	
outline	STR_VESSEL_USO_ESCORT	hd_piratez	0	1	0	
outline	STR_VESSEL_USO_HEAVY_CRUISER	hd_piratez	0	1	0	
outline	STR_VESSEL_VIPER_FIGHTER	hd_piratez	0	1	0	
outline	STR_WAR_BIKE	hd_piratez	0	1	0	
outline	STR_WAR_BIRD	hd_piratez	0	1	0	
outline	STR_WAR_HARVESTER	hd_piratez	0	1	0	
outline	STR_WHITEWORM	hd_piratez	0	1	0	
outline	STR_ZEPPELIN	hd_piratez	0	1	0	
